alpha,nematic_S,theta,theta_prime,silhouette_2d,angular_momentum,normalized_angular_momentum,dispersion,speed_avg,force_avg,jamming_index,power_avg,local_spacing,velocity_deviation,boundary_overshoot,altitude_deviation,collisions_this_step,target_dist_min,target_dist_max,speed_real_ms,accel_real_ms2,force_real_N,power_real_W,energy_J,h2,r_nodal,r_per_m,m_star_sensing,tau_rho,theta_accel_correlation,theta_accel_peak_lag,theta_accel_correlation_3d,theta_accel_peak_lag_3d,hull_volume,density_rho,msd,msd_slope,msd_crossover,msd_curve,gyration_radius,r_max,psky_meanfield,marginal_opacity_density,aspect_ratio,thickness_ratio,optimal_m,suggested_m,eta_m,convergence_speed
0.04332635243733724,0.04087765887379646,0.032646216452121735,0.005555555555555556,0.1746,"[-15.959355354309082, 62.7052001953125, -48.595584869384766]",0.06087636575102806,351.8431701660156,3.053291082382202,0.1499999761581421,1.5894571936403423e-07,0.44745519757270813,163.31601392653909,3.0494046211242676,23541.97302871381,96.68059539794922,0,,,6.824105569124222,39.999993642171226,2.999999523162842,20.001246643066406,0.33335411071777343,0.909981988923005,13.459001236289486,3.0253158947327967,4,,,,,,,,,,,,332.31610107421875,1120.3124141081719,0.9740764834372858,0.0001322846152069525,2.476182699203491,0.40384745597839355,5,7.026919265985489,,0.02612385499865013
0.044163211186726885,0.04267050698399544,0.03256942704319954,0.005555555555555556,0.1746,"[-14.980639457702637, 60.4489631652832, -46.06412887573242]",0.058275096118450165,351.8414611816406,2.906989812850952,0.1499999761581421,1.5894571936403423e-07,0.4247431457042694,0.0,2.903141736984253,23541.683729550074,96.68228149414062,0,,,6.497122231721877,39.999993642171226,2.999999523162842,18.986016082763673,0.3164336013793945,,,,,,,,,,,,,,,,,,,,,,,,,
0.04486115137736003,0.044903017580509186,0.03248116746544838,0.005555555555555556,0.1747,"[-14.097031593322754, 58.35369873046875, -43.60947799682617]",0.05582154914736748,351.83984375,2.761092185974121,0.1499999761581421,1.5894571936403423e-07,0.40222081542015076,0.0,2.7573158740997314,23541.412197055095,96.6839599609375,0,,,6.17104103565216,39.999993642171226,2.999999523162842,17.97927131652832,0.29965452194213865,,,,,,,,,,,,,,,,,,,,,,,,,
0.045588289896647136,0.04788406565785408,0.03239455819129944,0.005555555555555556,0.1747,"[-13.24100112915039, 56.456241607666016, -40.846954345703125]",0.053362052887678146,351.8382873535156,2.6155507564544678,0.1499999761581421,1.5894571936403423e-07,0.37999698519706726,0.0,2.611851930618286,23541.16053618421,96.68560028076172,0,,,5.845755940675735,39.999993642171226,2.999999523162842,16.985863494873048,0.28309772491455076,,,,,,,,,,,,,,,,,,,,,,,,,
0.046406278610229494,0.050746459513902664,0.03224042057991028,0.005555555555555556,0.1749,"[-12.203283309936523, 54.508663177490234, -38.1559944152832]",0.05089173838496208,351.8368835449219,2.4707512855529785,0.1499999761581421,1.5894571936403423e-07,0.3569757044315338,0.0,2.4671223163604736,23540.929655852353,96.68722534179688,0,,,5.522129123210907,39.999993642171226,2.999999523162842,15.956813049316406,0.2659468841552734,,,,,,,,,,,,,,,,,,,,,,,,,
0.047498613993326826,0.05390580743551254,0.03216545283794403,0.005555555555555556,0.1749,"[-11.297490119934082, 52.616554260253906, -35.500526428222656]",0.048502929508686066,351.8355712890625,2.3264882564544678,0.1499999761581421,1.5894571936403423e-07,0.33475279808044434,0.0,2.322903633117676,23540.71760512269,96.68881225585938,0,,,5.199701253175736,39.999993642171226,2.999999523162842,14.96344985961914,0.2493908309936523,,,,,,,,,,,,,,,,,,,,,,,,,
0.04876860936482747,0.05817180126905441,0.032077606767416,0.005555555555555556,0.1749,"[-10.40559196472168, 50.73774719238281, -33.148136138916016]",0.046263400465250015,351.8343505859375,2.183217763900757,0.1499999761581421,1.5894571936403423e-07,0.3117597997188568,0.0,2.1796634197235107,23540.523683135354,96.69036102294922,0,,,4.879491702318191,39.999993642171226,2.999999523162842,13.935661697387696,0.23226102828979492,,,,,,,,,,,,,,,,,,,,,,,,,
0.05000071525573731,0.06299423426389694,0.03208715468645096,0.005555555555555556,0.1749,"[-9.612709999084473, 48.881587982177734, -30.48210906982422]",0.04393938183784485,351.8332214355469,2.0409326553344727,0.1499999761581421,1.5894571936403423e-07,0.2892057001590729,0.0,2.037433385848999,23540.348650791144,96.69188690185547,0,,,4.561484484672546,39.999993642171226,2.999999523162842,12.927494430541993,0.2154582405090332,,,,,,,,,,,,,,,,,,,,,,,,,
0.052118565241495766,0.06846358627080917,0.03206257149577141,0.005555555555555556,0.1749,"[-8.636133193969727, 47.22966766357422, -27.764225006103516]",0.04172694683074951,351.8321838378906,1.8999218940734863,0.1499999761581421,1.5894571936403423e-07,0.266520619392395,0.0,1.89637291431427,23540.19216374198,96.69339752197266,0,,,4.246325433254242,39.999993642171226,2.999999523162842,11.913471221923828,0.19855785369873047,,,,,,,,,,,,,,,,,,,,,,,,,
0.053971265157063804,0.07362731546163559,0.031969789415597916,0.005555555555555556,0.1749,"[-7.866884708404541, 45.18016815185547, -25.01898765563965]",0.03930334746837616,351.831298828125,1.7603284120559692,0.1499999761581421,1.5894571936403423e-07,0.2441130131483078,0.0,1.7567956447601318,23540.055281901652,96.69486999511719,0,,,3.934334000945091,39.999993642171226,2.999999523162842,10.911849975585938,0.18186416625976562,,,,,,,,,,,,,,,,,,,,,,,,,
0.05587920506795247,0.07907062023878098,0.031834665685892105,0.005555555555555556,0.1752,"[-6.574447154998779, 43.3059196472168, -22.353851318359375]",0.036998216062784195,351.83050537109375,1.622766375541687,0.1499999761581421,1.5894571936403423e-07,0.22128792107105255,0.0,1.6192688941955566,23539.93969508948,96.6963119506836,0,,,3.6268828493356704,39.999993642171226,2.999999523162842,9.891567993164061,0.16485946655273437,,,,,,,,,,,,,,,,,,,,,,,,,
0.05895987192789714,0.08605467528104782,0.031807512044906616,0.005555555555555556,0.1752,"[-5.729296684265137, 41.32346725463867, -20.082313537597656]",0.0348348394036293,351.8298034667969,1.4877814054489136,0.1499999761581421,1.5894571936403423e-07,0.1984899342060089,0.0,1.4841957092285156,23539.845574225932,96.69774627685547,0,,,3.3251914411783217,39.999993642171226,2.999999523162842,8.872499084472656,0.14787498474121094,,,,,,,,,,,,,,,,,,,,,,,,,
0.06289258321126302,0.0943349152803421,0.031583450734615326,0.005555555555555556,0.1752,"[-4.8651838302612305, 39.78645324707031, -17.244140625]",0.032829299569129944,351.8292236328125,1.3559305667877197,0.1499999761581421,1.5894571936403423e-07,0.17595712840557098,0.0,1.3521978855133057,23539.772771800453,96.69914245605469,0,,,3.0305048167705535,39.999993642171226,2.999999523162842,7.865282249450683,0.13108803749084472,,,,,,,,,,,,,,,,,,,,,,,,,
0.06802319844563802,0.09972873330116272,0.03157879039645195,0.005555555555555556,0.1752,"[-3.551673173904419, 37.90427780151367, -15.356891632080078]",0.030885513871908188,351.82879638671875,1.241536259651184,0.1499999761581421,1.5894571936403423e-07,0.1542571485042572,0.0,1.2375560998916626,23539.724168891546,96.70048522949219,0,,,2.774833540320396,39.999993642171226,2.999999523162842,6.895294189453125,0.11492156982421875,,,,,,,,,,,,,,,,,,,,,,,,,
0.07688236872355143,0.10893923789262772,0.031670499593019485,0.005555555555555556,0.1752,"[-3.192434310913086, 37.781856536865234, -15.368850708007812]",0.030781755223870277,351.8284912109375,1.200044870376587,0.1499999761581421,1.5894571936403423e-07,0.14172124862670898,0.0,1.1951521635055542,23539.70048067678,96.70182800292969,0,,,2.6821002852916718,39.999993642171226,2.999999523162842,6.334939384460449,0.1055823230743408,,,,,,,,,,,,,,,,,,,,,,,,,
0.08371953328450521,0.11775963008403778,0.03158687427639961,0.005555555555555556,0.1752,"[-2.572403907775879, 38.506072998046875, -14.59529972076416]",0.03104281611740589,351.8282775878906,1.1999998092651367,0.1499999761581421,1.5894571936403423e-07,0.14063623547554016,0.0,1.1941862106323242,23539.700240389997,96.70323181152344,0,,,2.6819995737075804,39.999993642171226,2.999999523162842,6.286439323425292,0.10477398872375487,,,,,,,,,,,,,,,,,,,,,,,,,
0.09066240946451823,0.12782151997089386,0.03178762272000313,0.005555555555555556,0.1752,"[-2.771737813949585, 39.56669235229492, -14.595385551452637]",0.031798504292964935,351.82818603515625,1.1999998092651367,0.1499999761581421,1.5894571936403423e-07,0.14033211767673492,0.0,1.1931604146957397,23539.71629525163,96.70470428466797,0,,,2.6819995737075804,39.999993642171226,2.999999523162842,6.272845458984375,0.10454742431640625,,,,,,,,,,,,,,,,,,,,,,,,,
0.10211481094360352,0.14235688745975494,0.03176578879356384,0.005555555555555556,0.1752,"[-2.5710582733154297, 40.72395706176758, -14.520919799804688]",0.03258711099624634,351.82818603515625,1.1999998092651367,0.1499999761581421,1.5894571936403423e-07,0.13794121146202087,0.0,1.191263198852539,23539.747047744102,96.70622253417969,0,,,2.6819995737075804,39.999993642171226,2.999999523162842,6.165971946716309,0.10276619911193847,,,,,,,,,,,,,,,,,,,,,,,,,
0.11745653788248699,0.15755942463874817,0.03218721225857735,0.005555555555555556,0.1752,"[-2.064107894897461, 42.9521369934082, -14.410117149353027]",0.0341222807765007,351.8282165527344,1.1999998092651367,0.1499999761581421,1.5894571936403423e-07,0.13964776694774628,0.0,1.1884140968322754,23539.793628097916,96.70772552490234,0,,,2.6819995737075804,39.999993642171226,2.999999523162842,6.242253684997558,0.10403756141662597,,,,,,,,,,,,,,,,,,,,,,,,,
0.12801490783691405,0.17251506447792053,0.032796330749988556,0.005555555555555556,0.175,"[-1.00764000415802, 44.584259033203125, -13.054308891296387]",0.03496144711971283,351.8283386230469,1.1999998092651367,0.1499999761581421,1.5894571936403423e-07,0.14457859098911285,0.0,1.1861566305160522,23539.850028965575,96.709228515625,0,,,2.6819995737075804,39.999993642171226,2.999999523162842,6.462662887573242,0.1077110481262207,,,,,,,,,,,,,,,,,,,,,,,,,
0.14090880076090495,0.1860164999961853,0.03328964114189148,0.005555555555555556,0.1753,"[0.557903528213501, 44.76792526245117, -13.756502151489258]",0.03524008020758629,351.82855224609375,1.1999998092651367,0.1499999761581421,1.5894571936403423e-07,0.14290088415145874,163.31061544971865,1.1830965280532837,23539.92343425675,96.71073150634766,0,,,2.6819995737075804,39.999993642171226,2.999999523162842,6.38766918182373,0.1064611530303955,0.9189834760192468,13.327169675528948,3.0253158947327967,4,,,,,,,,,,,,332.2719421386719,1119.617989795647,0.9740696826338395,0.0001322846152069525,2.475998878479004,0.4038773775100708,5,7.027262091636658,,0.02557280976337324
0.15276246388753256,0.20230364799499512,0.033381711691617966,0.005555555555555556,0.1753,"[1.361035943031311, 45.81697082519531, -12.943194389343262]",0.03583643585443497,351.828857421875,1.1999998092651367,0.1499999761581421,1.5894571936403423e-07,0.14504744112491608,0.0,1.1800246238708496,23540.009936017537,96.7121353149414,0,,,2.6819995737075804,39.999993642171226,2.999999523162842,6.48361988067627,0.1080603313446045,,,,,,,,,,,,,,,,,,,,,,,,,
0.1645128122965495,0.21806539595127106,0.03359804302453995,0.005555555555555556,0.1753,"[2.9918534755706787, 46.7453727722168, -11.241055488586426]",0.03624396771192551,351.82928466796875,1.1999998092651367,0.1499999761581421,1.5894571936403423e-07,0.1454377919435501,0.0,1.1766791343688965,23540.115610033703,96.71345520019531,0,,,2.6819995737075804,39.999993642171226,2.999999523162842,6.501069259643555,0.10835115432739258,,,,,,,,,,,,,,,,,,,,,,,,,
0.17733790079752604,0.23092706501483917,0.03433217853307724,0.005555555555555556,0.1745,"[5.841588973999023, 48.366783142089844, -14.27466106414795]",0.03814522922039032,351.5262451171875,1.1999998092651367,0.1499999761581421,1.5894571936403423e-07,0.14597256481647491,0.0,1.1727179288864136,23540.23343434227,96.71476745605469,0,,,2.6819995737075804,39.999993642171226,2.999999523162842,6.524973678588867,0.10874956130981445,,,,,,,,,,,,,,,,,,,,,,,,,
0.19261585235595702,0.2445533275604248,0.03439202532172203,0.005555555555555556,0.1745,"[7.211124897003174, 48.89265823364258, -14.997244834899902]",0.03880695998668671,351.5267639160156,1.1999998092651367,0.1499999761581421,1.5894571936403423e-07,0.1456771045923233,0.0,1.1676218509674072,23540.346375312824,96.71601867675781,0,,,2.6819995737075804,39.999993642171226,2.999999523162842,6.511765480041504,0.10852942466735839,,,,,,,,,,,,,,,,,,,,,,,,,
0.2053082021077474,0.25776228308677673,0.034025147557258606,0.005555555555555556,0.1745,"[9.716219902038574, 49.744144439697266, -14.912141799926758]",0.03969777002930641,351.52740478515625,1.1999998092651367,0.1499999761581421,1.5894571936403423e-07,0.14851950109004974,0.0,1.163000226020813,23540.47638512635,96.7171859741211,0,,,2.6819995737075804,39.999993642171226,2.999999523162842,6.638821220397949,0.11064702033996582,,,,,,,,,,,,,,,,,,,,,,,,,
0.2191076151529948,0.2672242522239685,0.03355812281370163,0.005555555555555556,0.1745,"[11.417827606201172, 49.866424560546875, -14.087121963500977]",0.03986974060535431,351.528076171875,1.1999998092651367,0.1499999761581421,1.5894571936403423e-07,0.14840400218963623,0.0,1.1578007936477661,23540.611159340304,96.71823120117188,0,,,2.6819995737075804,39.999993642171226,2.999999523162842,6.633658218383789,0.11056097030639649,,,,,,,,,,,,,,,,,,,,,,,,,
0.23458173116048178,0.27162879705429077,0.0336466021835804,0.005555555555555556,0.1746,"[12.704360008239746, 51.16450500488281, -15.897226333618164]",0.0413740910589695,351.5287170410156,1.1999998092651367,0.1499999761581421,1.5894571936403423e-07,0.14861877262592316,0.0,1.1516332626342773,23540.741205530117,96.71916961669922,0,,,2.6819995737075804,39.999993642171226,2.999999523162842,6.6432592391967775,0.11072098731994628,,,,,,,,,,,,,,,,,,,,,,,,,
0.24783897399902344,0.2768961489200592,0.03384174406528473,0.005555555555555556,0.1746,"[13.822044372558594, 52.4661865234375, -15.619516372680664]",0.04242386296391487,351.52947998046875,1.1999998092651367,0.1499999761581421,1.5894571936403423e-07,0.14989498257637024,0.0,1.1459531784057617,23540.878212466894,96.71996307373047,0,,,2.6819995737075804,39.999993642171226,2.999999523162842,6.70030574798584,0.11167176246643067,,,,,,,,,,,,,,,,,,,,,,,,,
0.2619374338785807,0.28188055753707886,0.0335877500474453,0.005555555555555556,0.1746,"[15.54626750946045, 52.17902374267578, -16.18132781982422]",0.0426790788769722,351.5303649902344,1.1999998092651367,0.1499999761581421,1.5894571936403423e-07,0.14811891317367554,0.0,1.1396963596343994,23541.032792730817,96.72071838378906,0,,,2.6819995737075804,39.999993642171226,2.999999523162842,6.620915222167969,0.1103485870361328,,,,,,,,,,,,,,,,,,,,,,,,,
0.273830083211263,0.29032063484191895,0.03363592177629471,0.005555555555555556,0.1744,"[16.063840866088867, 52.14545822143555, -16.362268447875977]",0.04280299320816994,351.53131103515625,1.1999998092651367,0.1499999761581421,1.5894571936403423e-07,0.14982159435749054,0.0,1.133927345275879,23541.195210978753,96.72135925292969,0,,,2.6819995737075804,39.999993642171226,2.999999523162842,6.697025299072266,0.1116170883178711,,,,,0.0,,,,,209075140.92945945,7.1744540901976e-07,,,,,,,,,,,,,,
0.2830054473876953,0.2890358567237854,0.03385019302368164,0.005555555555555556,0.1744,"[16.172809600830078, 52.7693977355957, -16.264877319335938]",0.04323485493659973,351.5322570800781,1.1999998092651367,0.1499999761581421,1.5894571936403423e-07,0.15359126031398773,0.0,1.129677176475525,23541.35950282165,96.72200775146484,0,,,2.6819995737075804,39.999993642171226,2.999999523162842,6.865528678894043,0.11442547798156738,,,,,0.0,,,,,209075140.92945945,7.1744540901976e-07,,,,,,,,,,,,,,
0.29628245035807294,0.2901799976825714,0.033983081579208374,0.005555555555555556,0.1742,"[16.815000534057617, 52.59613800048828, -17.243398666381836]",0.04346752539277077,351.5333251953125,1.1999998092651367,0.1499999761581421,1.5894571936403423e-07,0.15366213023662567,0.0,1.1231213808059692,23541.537251564034,96.72254943847656,0,,,2.6819995737075804,39.999993642171226,2.999999523162842,6.868696403503418,0.11447827339172363,,,,,0.0,,,,,209075140.92945945,7.1744540901976e-07,,,,,,,,,,,,,,
0.3075587717692057,0.28284335136413574,0.03424705192446709,0.005555555555555556,0.1742,"[17.67074203491211, 52.334903717041016, -19.460290908813477]",0.04400641843676567,351.53436279296875,1.1999998092651367,0.1499999761581421,1.5894571936403423e-07,0.15533246099948883,0.0,1.1175923347473145,23541.715099346147,96.72308349609375,0,,,2.6819995737075804,39.999993642171226,2.999999523162842,6.94336051940918,0.11572267532348633,,,,,0.0,,,,,209075140.92945945,7.1744540901976e-07,,,,,,,,,,,,,,
0.31602432250976564,0.2840080261230469,0.034400247037410736,0.005555555555555556,0.1742,"[17.402273178100586, 51.933956146240234, -19.510469436645508]",0.04368935525417328,351.5355529785156,1.1999998092651367,0.1499999761581421,1.5894571936403423e-07,0.15740297734737396,0.0,1.1132904291152954,23541.907297747486,96.7236099243164,0,,,2.6819995737075804,39.999993642171226,2.999999523162842,7.035912322998047,0.11726520538330078,,,,,0.0,,,,,209075140.92945945,7.1744540901976e-07,,,,,,,,,,,,,,
0.32344151814778643,0.2868024408817291,0.034416794776916504,0.005555555555555556,0.1742,"[17.556657791137695, 51.512699127197266, -20.549211502075195]",0.043711643666028976,351.53680419921875,1.1999998092651367,0.1499999761581421,1.5894571936403423e-07,0.156816765666008,0.0,1.109408974647522,23542.103186883232,96.72412109375,0,,,2.6819995737075804,39.999993642171226,2.999999523162842,7.009708213806152,0.11682847023010254,,,,,0.0,,,,,209075140.92945945,7.1744540901976e-07,,,,,,,,,,,,,,
0.33092257181803386,0.28612157702445984,0.0346338152885437,0.005555555555555556,0.1742,"[18.04439353942871, 51.92059326171875, -23.181982040405273]",0.044825781136751175,351.5380859375,1.1999998092651367,0.1499999761581421,1.5894571936403423e-07,0.1563914716243744,0.0,1.105388879776001,23542.301586857895,96.72451782226562,0,,,2.6819995737075804,39.999993642171226,2.999999523162842,6.990699005126953,0.11651165008544923,,,,,0.0,,,,,209075140.92945945,7.1744540901976e-07,,,,,,,,,,,,,,
0.3381341298421224,0.28754544258117676,0.03463627025485039,0.005555555555555556,0.1742,"[17.524240493774414, 51.38102722167969, -22.676158905029297]",0.04420800507068634,351.53936767578125,1.1999998092651367,0.1499999761581421,1.5894571936403423e-07,0.15944834053516388,0.0,1.1016062498092651,23542.49705637534,96.72486877441406,0,,,2.6819995737075804,39.999993642171226,2.999999523162842,7.12734088897705,0.11878901481628418,,,,,0.0,,,,,209075140.92945945,7.1744540901976e-07,,,,,,,,,,,,,,
0.34609731038411456,0.291138231754303,0.03477614000439644,0.005555555555555556,0.1742,"[17.7915096282959, 50.9937744140625, -23.5800724029541]",0.04428216442465782,351.5407409667969,1.1999998092651367,0.1499999761581421,1.5894571936403423e-07,0.15955042839050293,0.0,1.0970089435577393,23542.6971634032,96.7252426147461,0,,,2.6819995737075804,39.999993642171226,2.999999523162842,7.1319030761718745,0.11886505126953124,,,,,0.0,,,,,209075140.92945945,7.1744540901976e-07,,,,,,,,,,,,,,
0.35152211507161457,0.2922307252883911,0.03493405506014824,0.005555555555555556,0.1742,"[19.240705490112305, 50.76712417602539, -24.300813674926758]",0.04469545930624008,351.5421447753906,1.1999998092651367,0.1499999761581421,1.5894571936403423e-07,0.16151346266269684,0.0,1.0939009189605713,23542.896808897174,96.72554016113281,0,,,2.6819995737075804,39.999993642171226,2.999999523162842,7.2196506500244135,0.12032751083374023,,,,,0.0,,,,,209075140.92945945,7.1744540901976e-07,,,,,,,,,,,,,,
0.35688880920410154,0.29958033561706543,0.03494482859969139,0.005555555555555556,0.1742,"[19.214399337768555, 50.229408264160156, -23.975133895874023]",0.044244538992643356,351.5436706542969,1.1999998092651367,0.1499999761581421,1.5894571936403423e-07,0.16109904646873474,163.4487774118619,1.0905026197433472,23543.10739235281,96.72583770751953,0,,,2.6819995737075804,39.999993642171226,2.999999523162842,7.201126670837402,0.12001877784729004,0.9237519953100699,13.258373217158645,2.9964104010591606,4,0.0,,,,,209086213.05883354,7.174074168046287e-07,,,,,332.703125,1119.1470604641659,0.9741359741916673,0.0001322846152069525,2.468198776245117,0.405153751373291,5,7.0418092823028555,,0.025390162885978916
0.3601204427083333,0.30694863200187683,0.035053424537181854,0.005555555555555556,0.1742,"[19.73785400390625, 50.99421691894531, -24.555334091186523]",0.045041196048259735,351.5451965332031,1.1999998092651367,0.1499999761581421,1.5894571936403423e-07,0.16003336012363434,0.0,1.0887919664382935,23543.319876605652,96.72614288330078,0,,,2.6819995737075804,39.999993642171226,2.999999523162842,7.15349063873291,0.11922484397888183,,,,,0.0,,,,,209086213.05883354,7.174074168046287e-07,,,,,,,,,,,,,,
0.3645089467366536,0.31181469559669495,0.035129133611917496,0.005555555555555556,0.1742,"[18.685304641723633, 50.282711029052734, -25.644495010375977]",0.04467735067009926,351.5467834472656,1.1999998092651367,0.1499999761581421,1.5894571936403423e-07,0.16091693937778473,0.0,1.0858333110809326,23543.533154645207,96.7264633178711,0,,,2.6819995737075804,39.999993642171226,2.999999523162842,7.192986488342285,0.11988310813903809,,,,,0.0,,,,,209086213.05883354,7.174074168046287e-07,,,,,,,,,,,,,,
0.36825594584147137,0.3091158866882324,0.035319358110427856,0.005555555555555556,0.1742,"[18.95393943786621, 48.90299987792969, -26.7598934173584]",0.04424383118748665,351.5483703613281,1.1999998092651367,0.1499999761581421,1.5894571936403423e-07,0.1617014855146408,0.0,1.0834561586380005,23543.741716127082,96.7267074584961,0,,,2.6819995737075804,39.999993642171226,2.999999523162842,7.228055763244629,0.12046759605407714,,,,,0.0,,,,,209086213.05883354,7.174074168046287e-07,,,,,,,,,,,,,,
0.37294601440429687,0.30765509605407715,0.03521529585123062,0.005555555555555556,0.1742,"[19.473173141479492, 48.4321403503418, -26.191810607910156]",0.04388537257909775,351.54998779296875,1.1999998092651367,0.1499999761581421,1.5894571936403423e-07,0.16164007782936096,0.0,1.080996036529541,23543.953103471256,96.72685241699219,0,,,2.6819995737075804,39.999993642171226,2.999999523162842,7.225310325622559,0.12042183876037597,,,,,0.0,,,,,209086213.05883354,7.174074168046287e-07,,,,,,,,,,,,,,
0.38279640197753906,0.3119671940803528,0.03529948368668556,0.005555555555555556,0.1742,"[19.15199089050293, 48.130775451660156, -26.200693130493164]",0.04362060874700546,351.5516662597656,1.1999998092651367,0.1499999761581421,1.5894571936403423e-07,0.1627923995256424,0.0,1.074676513671875,23544.167297211774,96.72691345214844,0,,,2.6819995737075804,39.999993642171226,2.999999523162842,7.276819610595703,0.1212803268432617,,,,,0.0,,,,,209086213.05883354,7.174074168046287e-07,,,,,,,,,,,,,,
0.390587641398112,0.3196929097175598,0.035185229033231735,0.005555555555555556,0.1742,"[19.282363891601562, 47.74375534057617, -26.98675537109375]",0.04368347302079201,351.5533447265625,1.1999998092651367,0.1499999761581421,1.5894571936403423e-07,0.16261105239391327,0.0,1.0695219039916992,23544.38618015106,96.72705841064453,0,,,2.6819995737075804,39.999993642171226,2.999999523162842,7.2687126159667965,0.12114521026611327,,,,,0.0,,,,,209086213.05883354,7.174074168046287e-07,,,,,,,,,,,,,,
0.39661214192708333,0.3284856975078583,0.0352247953414917,0.005555555555555556,0.1742,"[19.530607223510742, 46.98250961303711, -27.075725555419922]",0.04330922290682793,351.55511474609375,1.1999998092651367,0.1499999761581421,1.5894571936403423e-07,0.1606188714504242,0.0,1.0652978420257568,23544.60490897074,96.72716522216797,0,,,2.6819995737075804,39.999993642171226,2.999999523162842,7.179663276672363,0.11966105461120605,,,,,0.0,,,,,209086213.05883354,7.174074168046287e-07,,,,,,,,,,,,,,
0.4028120676676432,0.3329026699066162,0.0355081744492054,0.005555555555555556,0.1742,"[18.508176803588867, 47.75188064575195, -28.615114212036133]",0.04408279061317444,351.556884765625,1.1999998092651367,0.1499999761581421,1.5894571936403423e-07,0.16218367218971252,0.0,1.0609989166259766,23544.822821165355,96.72724151611328,0,,,2.6819995737075804,39.999993642171226,2.999999523162842,7.249610137939452,0.1208268356323242,,,,,0.0,,,,,209086213.05883354,7.174074168046287e-07,,,,,,,,,,,,,,
0.40651552836100263,0.33620697259902954,0.03557289391756058,0.005555555555555556,0.1742,"[18.4910831451416, 47.38256072998047, -30.049551010131836]",0.04439161345362663,351.5586242675781,1.1999998092651367,0.1499999761581421,1.5894571936403423e-07,0.16315661370754242,0.0,1.0584967136383057,23545.034013598703,96.72721099853516,0,,,2.6819995737075804,39.999993642171226,2.999999523162842,7.293099403381348,0.12155165672302246,,,,,0.0,,,,,209086213.05883354,7.174074168046287e-07,,,,,,,,,,,,,,
0.4103438568115234,0.3396030366420746,0.03555116802453995,0.005555555555555556,0.1742,"[18.706581115722656, 47.2523193359375, -31.711509704589844]",0.0450126975774765,351.5604248046875,1.1999998092651367,0.1499999761581421,1.5894571936403423e-07,0.16383576393127441,0.0,1.0559958219528198,23545.24078277933,96.72711181640625,0,,,2.6819995737075804,39.999993642171226,2.999999523162842,7.323458862304687,0.12205764770507811,,,,,0.0,"[0.0850197117492759, 0.5015423873046805, 0.8492089257658135, -0.437284448203393, -1.4327513347218466]",40,"[0.11871826666852665, 0.5216805247637809, 0.8483486936630074, -0.4060532504426954, -1.5612998905166444]",40,209086709.72926843,7.174057126549285e-07,,,,,,,,,,,,,,
0.41680107116699217,0.3481943607330322,0.035663459450006485,0.005555555555555556,0.1742,"[19.372547149658203, 45.84619140625, -30.94684600830078]",0.04403969272971153,351.5622253417969,1.1999998092651367,0.1499999761581421,1.5894571936403423e-07,0.16194964945316315,0.0,1.0511574745178223,23545.450085333603,96.72705841064453,0,,,2.6819995737075804,39.999993642171226,2.999999523162842,7.239148521423339,0.12065247535705566,,,,,0.0,"[0.0850197117492759, 0.5015423873046805, 0.8492089257658135, -0.437284448203393, -1.4327513347218466]",40,"[0.11871826666852665, 0.5216805247637809, 0.8483486936630074, -0.4060532504426954, -1.5612998905166444]",40,209086709.72926843,7.174057126549285e-07,,,,,,,,,,,,,,
0.4229395802815755,0.3476717472076416,0.03563360124826431,0.005555555555555556,0.1742,"[19.600826263427734, 47.228633880615234, -30.443939208984375]",0.044718485325574875,351.5639953613281,1.1999998092651367,0.1499999761581421,1.5894571936403423e-07,0.16415488719940186,0.0,1.0473062992095947,23545.644273462774,96.72691345214844,0,,,2.6819995737075804,39.999993642171226,2.999999523162842,7.337723350524902,0.12229538917541503,,,,,0.0,"[0.0850197117492759, 0.5015423873046805, 0.8492089257658135, -0.437284448203393, -1.4327513347218466]",40,"[0.11871826666852665, 0.5216805247637809, 0.8483486936630074, -0.4060532504426954, -1.5612998905166444]",40,209086709.72926843,7.174057126549285e-07,,,,,,,,,,,,,,
0.43114100138346356,0.3518241345882416,0.03561057522892952,0.005555555555555556,0.1742,"[19.11945915222168, 46.34522247314453, -33.26445388793945]",0.04521070420742035,351.56573486328125,1.1999998092651367,0.1499999761581421,1.5894571936403423e-07,0.15974198281764984,0.0,1.0412782430648804,23545.835781904585,96.7269058227539,0,,,2.6819995737075804,39.999993642171226,2.999999523162842,7.140466690063477,0.1190077781677246,,,,,0.0,"[0.0850197117492759, 0.5015423873046805, 0.8492089257658135, -0.437284448203393, -1.4327513347218466]",40,"[0.11871826666852665, 0.5216805247637809, 0.8483486936630074, -0.4060532504426954, -1.5612998905166444]",40,209086709.72926843,7.174057126549285e-07,,,,,,,,,,,,,,
0.43430933634440105,0.3546649217605591,0.03561777621507645,0.005555555555555556,0.1742,"[19.5993595123291, 47.224464416503906, -33.81220626831055]",0.04606195539236069,351.5675048828125,1.1999998092651367,0.1499999761581421,1.5894571936403423e-07,0.1634494513273239,0.0,1.0393458604812622,23546.024502446966,96.72685241699219,0,,,2.6819995737075804,39.999993642171226,2.999999523162842,7.306189727783202,0.1217698287963867,,,,,0.0,"[0.0850197117492759, 0.5015423873046805, 0.8492089257658135, -0.437284448203393, -1.4327513347218466]",40,"[0.11871826666852665, 0.5216805247637809, 0.8483486936630074, -0.4060532504426954, -1.5612998905166444]",40,209086709.72926843,7.174057126549285e-07,,,,,,,,,,,,,,
0.43788248697916665,0.35499680042266846,0.035840243101119995,0.005555555555555556,0.1742,"[18.761768341064453, 46.86824417114258, -34.16289138793945]",0.045805010944604874,351.5693359375,1.1999998092651367,0.1499999761581421,1.5894571936403423e-07,0.1631419062614441,0.0,1.037233829498291,23546.214586377122,96.7267837524414,0,,,2.6819995737075804,39.999993642171226,2.999999523162842,7.292443084716797,0.12154071807861327,,,,,0.0,"[0.0850197117492759, 0.5015423873046805, 0.8492089257658135, -0.437284448203393, -1.4327513347218466]",40,"[0.11871826666852665, 0.5216805247637809, 0.8483486936630074, -0.4060532504426954, -1.5612998905166444]",40,209086709.72926843,7.174057126549285e-07,,,,,,,,,,,,,,
0.44313456217447916,0.3587011694908142,0.03581147640943527,0.005555555555555556,0.1742,"[18.81216049194336, 47.049659729003906, -34.387508392333984]",0.04601616412401199,351.5711364746094,1.1999998092651367,0.1499999761581421,1.5894571936403423e-07,0.16208210587501526,0.0,1.0336922407150269,23546.405927599037,96.72673034667969,0,,,2.6819995737075804,39.999993642171226,2.999999523162842,7.245069694519042,0.12075116157531737,,,,,0.0,"[0.0850197117492759, 0.5015423873046805, 0.8492089257658135, -0.437284448203393, -1.4327513347218466]",40,"[0.11871826666852665, 0.5216805247637809, 0.8483486936630074, -0.4060532504426954, -1.5612998905166444]",40,209086709.72926843,7.174057126549285e-07,,,,,,,,,,,,,,
0.4479062906901042,0.3603261113166809,0.03614461421966553,0.005555555555555556,0.1742,"[18.533662796020508, 47.1361083984375, -33.84283447265625]",0.045773688703775406,351.5729675292969,1.1999998092651367,0.1499999761581421,1.5894571936403423e-07,0.16367316246032715,0.0,1.0306260585784912,23546.5925398353,96.72667694091797,0,,,2.6819995737075804,39.999993642171226,2.999999523162842,7.316189575195312,0.12193649291992187,,,,,0.0,"[0.0850197117492759, 0.5015423873046805, 0.8492089257658135, -0.437284448203393, -1.4327513347218466]",40,"[0.11871826666852665, 0.5216805247637809, 0.8483486936630074, -0.4060532504426954, -1.5612998905166444]",40,209086709.72926843,7.174057126549285e-07,,,,,,,,,,,,,,
0.45143224080403643,0.3638690114021301,0.03604339435696602,0.005555555555555556,0.1742,"[20.172649383544922, 45.8818359375, -34.22941970825195]",0.04560740664601326,351.5747985839844,1.1999998092651367,0.1499999761581421,1.5894571936403423e-07,0.16352306306362152,0.0,1.027950406074524,23546.77817634557,96.72661590576172,0,,,2.6819995737075804,39.999993642171226,2.999999523162842,7.309480476379394,0.12182467460632324,,,,,0.0,"[0.0850197117492759, 0.5015423873046805, 0.8492089257658135, -0.437284448203393, -1.4327513347218466]",40,"[0.11871826666852665, 0.5216805247637809, 0.8483486936630074, -0.4060532504426954, -1.5612998905166444]",40,209086709.72926843,7.174057126549285e-07,,,,,,,,,,,,,,
0.4591221110026042,0.3686443567276001,0.03599339351058006,0.005555555555555556,0.1742,"[18.953195571899414, 45.649192810058594, -34.6737174987793]",0.04536915570497513,351.5765686035156,1.1999998092651367,0.1499999761581421,1.5894571936403423e-07,0.16244541108608246,0.0,1.021915078163147,23546.960819300057,96.72647857666016,0,,,2.6819995737075804,39.999993642171226,2.999999523162842,7.261308860778808,0.12102181434631347,,,,,0.0,"[0.0850197117492759, 0.5015423873046805, 0.8492089257658135, -0.437284448203393, -1.4327513347218466]",40,"[0.11871826666852665, 0.5216805247637809, 0.8483486936630074, -0.4060532504426954, -1.5612998905166444]",40,209086709.72926843,7.174057126549285e-07,,,,,,,,,,,,,,
0.46459121704101564,0.37397441267967224,0.03581545501947403,0.005555555555555556,0.1742,"[19.615312576293945, 46.41364288330078, -36.78092575073242]",0.04687792807817459,351.57855224609375,1.1999998092651367,0.1499999761581421,1.5894571936403423e-07,0.1611880213022232,163.6428884442837,1.0174094438552856,23547.15885615041,96.72640991210938,0,,,2.6819995737075804,39.999993642171226,2.999999523162842,7.205104637145996,0.1200850772857666,0.9237519953100699,13.258373217158645,2.9964104010591606,4,0.0,"[-0.12191680239406325, 0.219426444375381, 0.6652745927224036, 0.6671428024125794, -0.3555144479646638, -1.125452673756355]",50,"[-0.05360430907698449, 0.22109533719889612, 0.695924730165625, 0.6355510816726913, -0.38823814376941096, -1.3216802409367234]",50,209072991.9654502,7.174527833073143e-07,3260.15576171875,1.6364185345330629,,"[0.23654164373874664, 0.7353916168212891]",332.6964416503906,1118.9403108867084,0.9741349486019842,0.0001322846152069525,2.4689416885375977,0.40503185987472534,5,7.04042375087738,,0.025390162885978916
0.46964691162109373,0.38205623626708984,0.03571030870079994,0.005555555555555556,0.1742,"[19.929054260253906, 45.3645133972168, -37.51268005371094]",0.046699825674295425,351.5805358886719,1.1999998092651367,0.1499999761581421,1.5894571936403423e-07,0.16212084889411926,0.0,1.013190507888794,23547.35510927917,96.72643280029297,0,,,2.6819995737075804,39.999993642171226,2.999999523162842,7.24680004119873,0.1207800006866455,,,,,0.0,"[-0.12191680239406325, 0.219426444375381, 0.6652745927224036, 0.6671428024125794, -0.3555144479646638, -1.125452673756355]",50,"[-0.05360430907698449, 0.22109533719889612, 0.695924730165625, 0.6355510816726913, -0.38823814376941096, -1.3216802409367234]",50,209072991.9654502,7.174527833073143e-07,,,,,,,,,,,,,,
0.47143096923828126,0.38613033294677734,0.03564692661166191,0.005555555555555556,0.1743,"[20.991304397583008, 43.91978073120117, -37.91173553466797]",0.04636354371905327,351.5824890136719,1.1999998092651367,0.1499999761581421,1.5894571936403423e-07,0.165117546916008,0.0,1.0113399028778076,23547.5473600482,96.72652435302734,0,,,2.6819995737075804,39.999993642171226,2.999999523162842,7.3807537078857415,0.1230125617980957,,,,,0.0,"[-0.12191680239406325, 0.219426444375381, 0.6652745927224036, 0.6671428024125794, -0.3555144479646638, -1.125452673756355]",50,"[-0.05360430907698449, 0.22109533719889612, 0.695924730165625, 0.6355510816726913, -0.38823814376941096, -1.3216802409367234]",50,209072991.9654502,7.174527833073143e-07,,,,,,,,,,,,,,
0.4749403381347656,0.3931514620780945,0.03570403903722763,0.005555555555555556,0.1743,"[20.915679931640625, 45.414520263671875, -37.59185791015625]",0.04700585827231407,351.5845642089844,1.1999998092651367,0.1499999761581421,1.5894571936403423e-07,0.16422396898269653,0.0,1.0081409215927124,23547.744890045862,96.72650909423828,0,,,2.6819995737075804,39.999993642171226,2.999999523162842,7.340811538696289,0.12234685897827148,,,,,0.0,"[-0.12191680239406325, 0.219426444375381, 0.6652745927224036, 0.6671428024125794, -0.3555144479646638, -1.125452673756355]",50,"[-0.05360430907698449, 0.22109533719889612, 0.695924730165625, 0.6355510816726913, -0.38823814376941096, -1.3216802409367234]",50,209072991.9654502,7.174527833073143e-07,,,,,,,,,,,,,,
0.4810303751627604,0.3994068205356598,0.03561348095536232,0.005555555555555556,0.1743,"[20.66753387451172, 45.80079650878906, -36.272029876708984]",0.04656793177127838,351.58660888671875,1.1999998092651367,0.1499999761581421,1.5894571936403423e-07,0.16159062087535858,0.0,1.0029571056365967,23547.950438533204,96.72650146484375,0,,,2.6819995737075804,39.999993642171226,2.999999523162842,7.223100471496582,0.12038500785827637,,,,,0.0,"[-0.12191680239406325, 0.219426444375381, 0.6652745927224036, 0.6671428024125794, -0.3555144479646638, -1.125452673756355]",50,"[-0.05360430907698449, 0.22109533719889612, 0.695924730165625, 0.6355510816726913, -0.38823814376941096, -1.3216802409367234]",50,209072991.9654502,7.174527833073143e-07,,,,,,,,,,,,,,
0.48786478678385414,0.40644991397857666,0.03574677184224129,0.005555555555555556,0.1746,"[20.97771453857422, 45.721126556396484, -35.85032272338867]",0.04641738533973694,351.5887756347656,1.1999998092651367,0.1499999761581421,1.5894571936403423e-07,0.1635085493326187,0.0,0.9975213408470154,23548.15846295797,96.72649383544922,0,,,2.6819995737075804,39.999993642171226,2.999999523162842,7.308832168579102,0.12181386947631835,,,,,0.0,"[-0.12191680239406325, 0.219426444375381, 0.6652745927224036, 0.6671428024125794, -0.3555144479646638, -1.125452673756355]",50,"[-0.05360430907698449, 0.22109533719889612, 0.695924730165625, 0.6355510816726913, -0.38823814376941096, -1.3216802409367234]",50,209072991.9654502,7.174527833073143e-07,,,,,,,,,,,,,,
0.49051589965820314,0.4108355641365051,0.035637449473142624,0.005555555555555556,0.1746,"[20.867008209228516, 45.681236267089844, -35.28184509277344]",0.046120110899209976,351.5909118652344,1.1999998092651367,0.1499999761581421,1.5894571936403423e-07,0.16488564014434814,0.0,0.9948645234107971,23548.371283227025,96.7265396118164,0,,,2.6819995737075804,39.999993642171226,2.999999523162842,7.3703876495361325,0.12283979415893553,,,,,0.0,"[-0.12191680239406325, 0.219426444375381, 0.6652745927224036, 0.6671428024125794, -0.3555144479646638, -1.125452673756355]",50,"[-0.05360430907698449, 0.22109533719889612, 0.695924730165625, 0.6355510816726913, -0.38823814376941096, -1.3216802409367234]",50,209072991.9654502,7.174527833073143e-07,,,,,,,,,,,,,,
0.49383366902669273,0.41729259490966797,0.035439565777778625,0.005555555555555556,0.1746,"[21.91965675354004, 44.72294235229492, -35.572059631347656]",0.04599117115139961,351.59307861328125,1.1999998092651367,0.1499999761581421,1.5894571936403423e-07,0.16348455846309662,0.0,0.9914284348487854,23548.581623515827,96.72649383544922,0,,,2.6819995737075804,39.999993642171226,2.999999523162842,7.307758712768554,0.12179597854614256,,,,,0.0,"[-0.12191680239406325, 0.219426444375381, 0.6652745927224036, 0.6671428024125794, -0.3555144479646638, -1.125452673756355]",50,"[-0.05360430907698449, 0.22109533719889612, 0.695924730165625, 0.6355510816726913, -0.38823814376941096, -1.3216802409367234]",50,209072991.9654502,7.174527833073143e-07,,,,,,,,,,,,,,
0.4952671813964844,0.4246721565723419,0.03564337268471718,0.005555555555555556,0.1746,"[22.085180282592773, 44.67034912109375, -34.304100036621094]",0.045460037887096405,351.5952453613281,1.1999998092651367,0.1499999761581421,1.5894571936403423e-07,0.16431502997875214,0.0,0.9901756048202515,23548.797212629554,96.72640991210938,0,,,2.6819995737075804,39.999993642171226,2.999999523162842,7.344881629943847,0.12241469383239745,,,,,0.0,"[-0.12191680239406325, 0.219426444375381, 0.6652745927224036, 0.6671428024125794, -0.3555144479646638, -1.125452673756355]",50,"[-0.05360430907698449, 0.22109533719889612, 0.695924730165625, 0.6355510816726913, -0.38823814376941096, -1.3216802409367234]",50,209072991.9654502,7.174527833073143e-07,,,,,,,,,,,,,,
0.4998970031738281,0.4236692786216736,0.03552168607711792,0.005555555555555556,0.1746,"[22.541608810424805, 45.6434326171875, -33.88425827026367]",0.04595184698700905,351.5974426269531,1.1999998092651367,0.1499999761581421,1.5894571936403423e-07,0.16308806836605072,0.0,0.9869804978370667,23549.017878107687,96.72635650634766,0,,,2.6819995737075804,39.999993642171226,2.999999523162842,7.290036392211913,0.12150060653686522,,,,,0.0,"[-0.12191680239406325, 0.219426444375381, 0.6652745927224036, 0.6671428024125794, -0.3555144479646638, -1.125452673756355]",50,"[-0.05360430907698449, 0.22109533719889612, 0.695924730165625, 0.6355510816726913, -0.38823814376941096, -1.3216802409367234]",50,209072991.9654502,7.174527833073143e-07,,,,,,,,,,,,,,
0.5056154886881511,0.4290190637111664,0.03568726405501366,0.005555555555555556,0.1746,"[23.348642349243164, 44.586944580078125, -31.62076759338379]",0.044664666056632996,351.5997009277344,1.1999998092651367,0.1499999761581421,1.5894571936403423e-07,0.16362428665161133,0.0,0.9818172454833984,23549.24189990749,96.72628784179688,0,,,2.6819995737075804,39.999993642171226,2.999999523162842,7.314004898071289,0.12190008163452148,,,,,0.0,"[-0.260741338419398, 0.0888346488542433, 0.45782334045213263, 0.6226870715839137, 0.5665210636360928, -0.22303604321709886, -0.7138690317447567]",60,"[-0.19069659613643028, 0.11628859649056685, 0.468656839487993, 0.6183687979421728, 0.5200453286963617, -0.2896800449181786, -0.8968253300935749]",60,209061217.3615809,7.174931911956112e-07,,,,,,,,,,,,,,
0.5131871541341145,0.4347482919692993,0.03578115627169609,0.005555555555555556,0.1746,"[23.90805435180664, 43.895408630371094, -28.192235946655273]",0.0431220717728138,351.6019287109375,1.1999998092651367,0.1499999761581421,1.5894571936403423e-07,0.16179713606834412,0.0,0.9752290844917297,23549.458525814327,96.72620391845703,0,,,2.6819995737075804,39.999993642171226,2.999999523162842,7.232330703735351,0.12053884506225584,,,,,0.0,"[-0.260741338419398, 0.0888346488542433, 0.45782334045213263, 0.6226870715839137, 0.5665210636360928, -0.22303604321709886, -0.7138690317447567]",60,"[-0.19069659613643028, 0.11628859649056685, 0.468656839487993, 0.6183687979421728, 0.5200453286963617, -0.2896800449181786, -0.8968253300935749]",60,209061217.3615809,7.174931911956112e-07,,,,,,,,,,,,,,
0.5178799947102865,0.435727596282959,0.035747889429330826,0.005555555555555556,0.1746,"[24.672603607177734, 44.928009033203125, -26.130287170410156]",0.04323222115635872,351.6042175292969,1.1999998092651367,0.1499999761581421,1.5894571936403423e-07,0.16232119500637054,0.0,0.9715539813041687,23549.6869447266,96.7261734008789,0,,,2.6819995737075804,39.999993642171226,2.999999523162842,7.2557573318481445,0.12092928886413574,,,,,0.0,"[-0.260741338419398, 0.0888346488542433, 0.45782334045213263, 0.6226870715839137, 0.5665210636360928, -0.22303604321709886, -0.7138690317447567]",60,"[-0.19069659613643028, 0.11628859649056685, 0.468656839487993, 0.6183687979421728, 0.5200453286963617, -0.2896800449181786, -0.8968253300935749]",60,209061217.3615809,7.174931911956112e-07,,,,,,,,,,,,,,
0.5217581176757813,0.43903499841690063,0.03578277677297592,0.005555555555555556,0.1746,"[25.709548950195312, 44.28632354736328, -26.034358978271484]",0.04316677898168564,351.60650634765625,1.1999998092651367,0.1499999761581421,1.5894571936403423e-07,0.16294890642166138,0.0,0.9682275652885437,23549.91656901698,96.72612762451172,0,,,2.6819995737075804,39.999993642171226,2.999999523162842,7.283815383911133,0.12139692306518554,,,,,0.0,"[-0.260741338419398, 0.0888346488542433, 0.45782334045213263, 0.6226870715839137, 0.5665210636360928, -0.22303604321709886, -0.7138690317447567]",60,"[-0.19069659613643028, 0.11628859649056685, 0.468656839487993, 0.6183687979421728, 0.5200453286963617, -0.2896800449181786, -0.8968253300935749]",60,209061217.3615809,7.174931911956112e-07,,,,,,,,,,,,,,
0.5253218078613281,0.4429782032966614,0.035572994500398636,0.005555555555555556,0.1746,"[27.243602752685547, 43.33810806274414, -24.64516830444336]",0.04269153252243996,351.6088562011719,1.1999998092651367,0.1499999761581421,1.5894571936403423e-07,0.16446305811405182,0.0,0.9648744463920593,23550.149262557235,96.72606658935547,0,,,2.6819995737075804,39.999993642171226,2.999999523162842,7.35149803161621,0.1225249671936035,,,,,0.0,"[-0.260741338419398, 0.0888346488542433, 0.45782334045213263, 0.6226870715839137, 0.5665210636360928, -0.22303604321709886, -0.7138690317447567]",60,"[-0.19069659613643028, 0.11628859649056685, 0.468656839487993, 0.6183687979421728, 0.5200453286963617, -0.2896800449181786, -0.8968253300935749]",60,209061217.3615809,7.174931911956112e-07,,,,,,,,,,,,,,
0.5296509297688802,0.4466344714164734,0.03575567901134491,0.005555555555555556,0.1746,"[26.48073387145996, 44.986324310302734, -24.610610961914062]",0.04336658492684364,351.6112060546875,1.1999998092651367,0.1499999761581421,1.5894571936403423e-07,0.16375404596328735,0.0,0.9603438377380371,23550.380531654006,96.72601318359375,0,,,2.6819995737075804,39.999993642171226,2.999999523162842,7.319804763793945,0.12199674606323241,,,,,0.0,"[-0.260741338419398, 0.0888346488542433, 0.45782334045213263, 0.6226870715839137, 0.5665210636360928, -0.22303604321709886, -0.7138690317447567]",60,"[-0.19069659613643028, 0.11628859649056685, 0.468656839487993, 0.6183687979421728, 0.5200453286963617, -0.2896800449181786, -0.8968253300935749]",60,209061217.3615809,7.174931911956112e-07,,,,,,,,,,,,,,
0.534546610514323,0.449991375207901,0.03568362444639206,0.005555555555555556,0.1746,"[27.393592834472656, 44.240379333496094, -24.298791885375977]",0.04315359145402908,351.6135559082031,1.1999998092651367,0.1499999761581421,1.5894571936403423e-07,0.1635848432779312,0.0,0.9559013843536377,23550.612236078116,96.72599029541016,0,,,2.6819995737075804,39.999993642171226,2.999999523162842,7.3122413635253904,0.12187068939208984,,,,,0.0,"[-0.260741338419398, 0.0888346488542433, 0.45782334045213263, 0.6226870715839137, 0.5665210636360928, -0.22303604321709886, -0.7138690317447567]",60,"[-0.19069659613643028, 0.11628859649056685, 0.468656839487993, 0.6183687979421728, 0.5200453286963617, -0.2896800449181786, -0.8968253300935749]",60,209061217.3615809,7.174931911956112e-07,,,,,,,,,,,,,,
0.5400011189778646,0.4568626582622528,0.03549325466156006,0.005555555555555556,0.1746,"[27.106746673583984, 43.8126106262207, -23.167985916137695]",0.04244791716337204,351.6158752441406,1.1999998092651367,0.1499999761581421,1.5894571936403423e-07,0.16317550837993622,0.0,0.9500423073768616,23550.84274749458,96.72590637207031,0,,,2.6819995737075804,39.999993642171226,2.999999523162842,7.293944549560546,0.12156574249267577,,,,,0.0,"[-0.260741338419398, 0.0888346488542433, 0.45782334045213263, 0.6226870715839137, 0.5665210636360928, -0.22303604321709886, -0.7138690317447567]",60,"[-0.19069659613643028, 0.11628859649056685, 0.468656839487993, 0.6183687979421728, 0.5200453286963617, -0.2896800449181786, -0.8968253300935749]",60,209061217.3615809,7.174931911956112e-07,,,,,,,,,,,,,,
0.5431331888834635,0.4630875885486603,0.035351600497961044,0.005555555555555556,0.1746,"[27.795774459838867, 42.80017852783203, -23.483997344970703]",0.042213648557662964,351.61834716796875,1.1999998092651367,0.1499999761581421,1.5894571936403423e-07,0.16206611692905426,0.0,0.9465538263320923,23551.07660422514,96.72584533691406,0,,,2.6819995737075804,39.999993642171226,2.999999523162842,7.244354438781738,0.1207392406463623,,,,,0.0,"[-0.260741338419398, 0.0888346488542433, 0.45782334045213263, 0.6226870715839137, 0.5665210636360928, -0.22303604321709886, -0.7138690317447567]",60,"[-0.19069659613643028, 0.11628859649056685, 0.468656839487993, 0.6183687979421728, 0.5200453286963617, -0.2896800449181786, -0.8968253300935749]",60,209061217.3615809,7.174931911956112e-07,,,,,,,,,,,,,,
0.5471546427408854,0.463999480009079,0.035454344004392624,0.005555555555555556,0.1751,"[28.094635009765625, 42.700828552246094, -22.870553970336914]",0.04207810387015343,351.6207275390625,1.1999998092651367,0.1499999761581421,1.5894571936403423e-07,0.1614828109741211,0.0,0.9431329369544983,23551.30006598998,96.72576904296875,0,,,2.6819995737075804,39.999993642171226,2.999999523162842,7.218281364440918,0.12030468940734862,,,,,0.0,"[-0.260741338419398, 0.0888346488542433, 0.45782334045213263, 0.6226870715839137, 0.5665210636360928, -0.22303604321709886, -0.7138690317447567]",60,"[-0.19069659613643028, 0.11628859649056685, 0.468656839487993, 0.6183687979421728, 0.5200453286963617, -0.2896800449181786, -0.8968253300935749]",60,209061217.3615809,7.174931911956112e-07,,,,,,,,,,,,,,
0.5545610046386719,0.47207024693489075,0.035373419523239136,0.005555555555555556,0.1751,"[28.315391540527344, 41.396018981933594, -21.20957374572754]",0.040918152779340744,351.6231689453125,1.1999998092651367,0.1499999761581421,1.5894571936403423e-07,0.16295696794986725,163.6841767342546,0.9356434941291809,23551.52454875113,96.72566223144531,0,,,2.6819995737075804,39.999993642171226,2.999999523162842,7.284176445007324,0.12140294075012206,0.9226593961394809,13.274073580305696,3.0207235743644,4,0.0,"[-0.3042008557220898, -0.002295892811483405, 0.36080076795667365, 0.505917243216063, 0.5502803715974797, 0.39601919578885864, -0.1573775213263035, -0.45003251870248323]",40,"[-0.21805556003846044, 0.021808218779389356, 0.3780658172608868, 0.4724839144410321, 0.5056657201780014, 0.31468196533608517, -0.2564951165975797, -0.6173428769914149]",70,209050489.76869518,7.17530009931898e-07,3259.36376953125,1.643908382365841,,"[0.21030943095684052, 0.6572407484054565]",332.70074462890625,1118.7925549236877,0.9741356089201127,0.0001322846152069525,2.469712734222412,0.40490540862083435,5,7.0389857506752005,,0.02565667900987843
0.5571999104817709,0.47937750816345215,0.03541235625743866,0.005555555555555556,0.1751,"[27.594053268432617, 42.3231201171875, -23.123231887817383]",0.041752222925424576,351.6255187988281,1.1999998092651367,0.1499999761581421,1.5894571936403423e-07,0.16315560042858124,0.0,0.9323306083679199,23551.73843582034,96.72547912597656,0,,,2.6819995737075804,39.999993642171226,2.999999523162842,7.293055915832519,0.12155093193054198,,,,,0.0,"[-0.3042008557220898, -0.002295892811483405, 0.36080076795667365, 0.505917243216063, 0.5502803715974797, 0.39601919578885864, -0.1573775213263035, -0.45003251870248323]",40,"[-0.21805556003846044, 0.021808218779389356, 0.3780658172608868, 0.4724839144410321, 0.5056657201780014, 0.31468196533608517, -0.2564951165975797, -0.6173428769914149]",70,209050489.76869518,7.17530009931898e-07,,,,,,,,,,,,,,
0.5624341837565104,0.4852020740509033,0.035304464399814606,0.005555555555555556,0.1751,"[27.700061798095703, 42.85749816894531, -23.022146224975586]",0.042066868394613266,351.6279296875,1.1999998092651367,0.1499999761581421,1.5894571936403423e-07,0.16417208313941956,0.0,0.9268245697021484,23551.959209662302,96.72531127929688,0,,,2.6819995737075804,39.999993642171226,2.999999523162842,7.3384912490844725,0.1223081874847412,,,,,0.0,"[-0.3042008557220898, -0.002295892811483405, 0.36080076795667365, 0.505917243216063, 0.5502803715974797, 0.39601919578885864, -0.1573775213263035, -0.45003251870248323]",40,"[-0.21805556003846044, 0.021808218779389356, 0.3780658172608868, 0.4724839144410321, 0.5056657201780014, 0.31468196533608517, -0.2564951165975797, -0.6173428769914149]",70,209050489.76869518,7.17530009931898e-07,,,,,,,,,,,,,,
0.5680797322591146,0.4904332160949707,0.03510764613747597,0.005555555555555556,0.1751,"[27.750038146972656, 43.172935485839844, -22.597671508789062]",0.042137522250413895,351.63043212890625,1.1999998092651367,0.1499999761581421,1.5894571936403423e-07,0.16358909010887146,0.0,0.9211204051971436,23552.187885909596,96.72503662109375,0,,,2.6819995737075804,39.999993642171226,2.999999523162842,7.312431335449219,0.12187385559082031,,,,,0.0,"[-0.3042008557220898, -0.002295892811483405, 0.36080076795667365, 0.505917243216063, 0.5502803715974797, 0.39601919578885864, -0.1573775213263035, -0.45003251870248323]",40,"[-0.21805556003846044, 0.021808218779389356, 0.3780658172608868, 0.4724839144410321, 0.5056657201780014, 0.31468196533608517, -0.2564951165975797, -0.6173428769914149]",70,209050489.76869518,7.17530009931898e-07,,,,,,,,,,,,,,
0.5739804077148437,0.49050942063331604,0.03500257432460785,0.005555555555555556,0.1751,"[28.131275177001953, 43.76758575439453, -23.031511306762695]",0.042754705995321274,351.63287353515625,1.1999998092651367,0.1499999761581421,1.5894571936403423e-07,0.1637943685054779,0.0,0.9160078167915344,23552.40991165435,96.72473907470703,0,,,2.6819995737075804,39.999993642171226,2.999999523162842,7.321607780456542,0.12202679634094236,,,,,0.0,"[-0.3042008557220898, -0.002295892811483405, 0.36080076795667365, 0.505917243216063, 0.5502803715974797, 0.39601919578885864, -0.1573775213263035, -0.45003251870248323]",40,"[-0.21805556003846044, 0.021808218779389356, 0.3780658172608868, 0.4724839144410321, 0.5056657201780014, 0.31468196533608517, -0.2564951165975797, -0.6173428769914149]",70,209050489.76869518,7.17530009931898e-07,,,,,,,,,,,,,,
0.5766020711263021,0.48758700489997864,0.03507642075419426,0.005555555555555556,0.1751,"[29.573881149291992, 43.260520935058594, -21.315418243408203]",0.04250973463058472,351.63531494140625,1.1999998092651367,0.1499999761581421,1.5894571936403423e-07,0.1642494648694992,0.0,0.9145929217338562,23552.62991971574,96.7244644165039,0,,,2.6819995737075804,39.999993642171226,2.999999523162842,7.341951370239258,0.12236585617065429,,,,,0.0,"[-0.3042008557220898, -0.002295892811483405, 0.36080076795667365, 0.505917243216063, 0.5502803715974797, 0.39601919578885864, -0.1573775213263035, -0.45003251870248323]",40,"[-0.21805556003846044, 0.021808218779389356, 0.3780658172608868, 0.4724839144410321, 0.5056657201780014, 0.31468196533608517, -0.2564951165975797, -0.6173428769914149]",70,209050489.76869518,7.17530009931898e-07,,,,,,,,,,,,,,
0.5826621500651041,0.49214068055152893,0.03497549146413803,0.005555555555555556,0.1751,"[29.61497688293457, 43.43468475341797, -22.162504196166992]",0.042869195342063904,351.63775634765625,1.1999998092651367,0.1499999761581421,1.5894571936403423e-07,0.1627640724182129,0.0,0.9076995849609375,23552.85247758178,96.72412872314453,0,,,2.6819995737075804,39.999993642171226,2.999999523162842,7.275553894042968,0.1212592315673828,,,,,0.0,"[-0.3042008557220898, -0.002295892811483405, 0.36080076795667365, 0.505917243216063, 0.5502803715974797, 0.39601919578885864, -0.1573775213263035, -0.45003251870248323]",40,"[-0.21805556003846044, 0.021808218779389356, 0.3780658172608868, 0.4724839144410321, 0.5056657201780014, 0.31468196533608517, -0.2564951165975797, -0.6173428769914149]",70,209050489.76869518,7.17530009931898e-07,,,,,,,,,,,,,,
0.5862793986002605,0.4985964298248291,0.034876227378845215,0.005555555555555556,0.1751,"[29.167770385742188, 44.14720153808594, -21.40430450439453]",0.042889438569545746,351.64019775390625,1.1999998092651367,0.1499999761581421,1.5894571936403423e-07,0.16293363273143768,0.0,0.9029954075813293,23553.083987587455,96.7237777709961,0,,,2.6819995737075804,39.999993642171226,2.999999523162842,7.2831327438354485,0.12138554573059081,,,,,0.0,"[-0.3042008557220898, -0.002295892811483405, 0.36080076795667365, 0.505917243216063, 0.5502803715974797, 0.39601919578885864, -0.1573775213263035, -0.45003251870248323]",40,"[-0.21805556003846044, 0.021808218779389356, 0.3780658172608868, 0.4724839144410321, 0.5056657201780014, 0.31468196533608517, -0.2564951165975797, -0.6173428769914149]",70,209050489.76869518,7.17530009931898e-07,,,,,,,,,,,,,,
0.5900241088867187,0.5067641139030457,0.034957289695739746,0.005555555555555556,0.1748,"[30.4986629486084, 43.81966781616211, -21.067920684814453]",0.043127723038196564,351.6428527832031,1.1999998092651367,0.1499999761581421,1.5894571936403423e-07,0.16310915350914001,0.0,0.898318886756897,23553.325807812438,96.72343444824219,0,,,2.6819995737075804,39.999993642171226,2.999999523162842,7.290978240966797,0.12151630401611328,,,,,0.0,"[-0.3042008557220898, -0.002295892811483405, 0.36080076795667365, 0.505917243216063, 0.5502803715974797, 0.39601919578885864, -0.1573775213263035, -0.45003251870248323]",40,"[-0.21805556003846044, 0.021808218779389356, 0.3780658172608868, 0.4724839144410321, 0.5056657201780014, 0.31468196533608517, -0.2564951165975797, -0.6173428769914149]",70,209050489.76869518,7.17530009931898e-07,,,,,,,,,,,,,,
0.5953899637858073,0.5102893114089966,0.03489367663860321,0.005555555555555556,0.1748,"[30.604473114013672, 42.4653205871582, -20.406301498413086]",0.0422157421708107,351.6453857421875,1.1999998092651367,0.1499999761581421,1.5894571936403423e-07,0.16328886151313782,0.0,0.8922430276870728,23553.563846724137,96.72305297851562,0,,,2.6819995737075804,39.999993642171226,2.999999523162842,7.299011993408203,0.12165019989013671,,,,,0.0,"[-0.3042008557220898, -0.002295892811483405, 0.36080076795667365, 0.505917243216063, 0.5502803715974797, 0.39601919578885864, -0.1573775213263035, -0.45003251870248323]",40,"[-0.21805556003846044, 0.021808218779389356, 0.3780658172608868, 0.4724839144410321, 0.5056657201780014, 0.31468196533608517, -0.2564951165975797, -0.6173428769914149]",70,209050489.76869518,7.17530009931898e-07,,,,,,,,,,,,,,
0.6028088887532552,0.5152562856674194,0.034513216465711594,0.005555555555555556,0.1748,"[32.02699661254883, 43.13475036621094, -20.723323822021484]",0.043268751353025436,351.6479797363281,1.1999998092651367,0.1499999761581421,1.5894571936403423e-07,0.16275952756404877,0.0,0.884050726890564,23553.803858115953,96.72265625,0,,,2.6819995737075804,39.999993642171226,2.999999523162842,7.2753496170043945,0.12125582695007324,,,,,0.0,"[-0.2864550689201145, 0.029245962370586905, 0.3802317373155713, 0.5215767062103845, 0.5481879533326507, 0.39210893739144187, -0.05028975858691833, -0.1995437493814038, 0.0013728677426475158]",40,"[-0.21426381699771882, 0.03822115146973322, 0.3871416063750297, 0.47626100164608964, 0.4920580241782743, 0.3030207089072818, -0.1568206469410805, -0.3205949604160194, 0.0022084496407716358]",40,209042955.17600685,7.175558720632573e-07,,,,,,,,,,,,,,
0.6055476888020833,0.5164634585380554,0.03480907529592514,0.005555555555555556,0.1748,"[31.570783615112305, 42.117862701416016, -20.68902015686035]",0.04249759763479233,351.65057373046875,1.1999998092651367,0.1499999761581421,1.5894571936403423e-07,0.16329526901245117,0.0,0.880861222743988,23554.044097892285,96.72232818603516,0,,,2.6819995737075804,39.999993642171226,2.999999523162842,7.299298095703125,0.12165496826171875,,,,,0.0,"[-0.2864550689201145, 0.029245962370586905, 0.3802317373155713, 0.5215767062103845, 0.5481879533326507, 0.39210893739144187, -0.05028975858691833, -0.1995437493814038, 0.0013728677426475158]",40,"[-0.21426381699771882, 0.03822115146973322, 0.3871416063750297, 0.47626100164608964, 0.4920580241782743, 0.3030207089072818, -0.1568206469410805, -0.3205949604160194, 0.0022084496407716358]",40,209042955.17600685,7.175558720632573e-07,,,,,,,,,,,,,,
0.6082519022623698,0.5222271680831909,0.034582458436489105,0.005555555555555556,0.1748,"[31.31218147277832, 41.15938949584961, -21.08637237548828]",0.04196620732545853,351.65313720703125,1.1999998092651367,0.1499999761581421,1.5894571936403423e-07,0.1636025607585907,0.0,0.8770658373832703,23554.279707005226,96.72203063964844,0,,,2.6819995737075804,39.999993642171226,2.999999523162842,7.3130344390869135,0.12188390731811523,,,,,0.0,"[-0.2864550689201145, 0.029245962370586905, 0.3802317373155713, 0.5215767062103845, 0.5481879533326507, 0.39210893739144187, -0.05028975858691833, -0.1995437493814038, 0.0013728677426475158]",40,"[-0.21426381699771882, 0.03822115146973322, 0.3871416063750297, 0.47626100164608964, 0.4920580241782743, 0.3030207089072818, -0.1568206469410805, -0.3205949604160194, 0.0022084496407716358]",40,209042955.17600685,7.175558720632573e-07,,,,,,,,,,,,,,
0.6126643880208333,0.5217924118041992,0.03389786556363106,0.005555555555555556,0.1748,"[30.836532592773438, 41.80567932128906, -20.125782012939453]",0.04186154156923294,351.65576171875,1.1999998092651367,0.1499999761581421,1.5894571936403423e-07,0.16280031204223633,0.0,0.8724304437637329,23554.516961397254,96.72174835205078,0,,,2.6819995737075804,39.999993642171226,2.999999523162842,7.277173233032226,0.1212862205505371,,,,,0.0,"[-0.2864550689201145, 0.029245962370586905, 0.3802317373155713, 0.5215767062103845, 0.5481879533326507, 0.39210893739144187, -0.05028975858691833, -0.1995437493814038, 0.0013728677426475158]",40,"[-0.21426381699771882, 0.03822115146973322, 0.3871416063750297, 0.47626100164608964, 0.4920580241782743, 0.3030207089072818, -0.1568206469410805, -0.3205949604160194, 0.0022084496407716358]",40,209042955.17600685,7.175558720632573e-07,,,,,,,,,,,,,,
0.6148756917317708,0.5274947285652161,0.03411463648080826,0.005555555555555556,0.1748,"[31.151670455932617, 40.83531188964844, -20.147472381591797]",0.04145633056759834,351.658447265625,1.1999998092651367,0.1499999761581421,1.5894571936403423e-07,0.1647179126739502,0.0,0.8692197799682617,23554.76467351481,96.72158813476562,0,,,2.6819995737075804,39.999993642171226,2.999999523162842,7.36289005279541,0.12271483421325684,,,,,0.0,"[-0.2864550689201145, 0.029245962370586905, 0.3802317373155713, 0.5215767062103845, 0.5481879533326507, 0.39210893739144187, -0.05028975858691833, -0.1995437493814038, 0.0013728677426475158]",40,"[-0.21426381699771882, 0.03822115146973322, 0.3871416063750297, 0.47626100164608964, 0.4920580241782743, 0.3030207089072818, -0.1568206469410805, -0.3205949604160194, 0.0022084496407716358]",40,209042955.17600685,7.175558720632573e-07,,,,,,,,,,,,,,
0.6184119669596354,0.527631402015686,0.03440291807055473,0.005555555555555556,0.1748,"[33.099510192871094, 41.1763916015625, -21.77311897277832]",0.04293663054704666,351.6611633300781,1.1999998092651367,0.1499999761581421,1.5894571936403423e-07,0.16368050873279572,0.0,0.8659384250640869,23555.01687458626,96.72144317626953,0,,,2.6819995737075804,39.999993642171226,2.999999523162842,7.316517448425293,0.12194195747375487,,,,,0.0,"[-0.2864550689201145, 0.029245962370586905, 0.3802317373155713, 0.5215767062103845, 0.5481879533326507, 0.39210893739144187, -0.05028975858691833, -0.1995437493814038, 0.0013728677426475158]",40,"[-0.21426381699771882, 0.03822115146973322, 0.3871416063750297, 0.47626100164608964, 0.4920580241782743, 0.3030207089072818, -0.1568206469410805, -0.3205949604160194, 0.0022084496407716358]",40,209042955.17600685,7.175558720632573e-07,,,,,,,,,,,,,,
0.6214325459798177,0.5289437174797058,0.03431203216314316,0.005555555555555556,0.1748,"[32.69674301147461, 40.24168014526367, -21.988800048828125]",0.042319539934396744,351.6639709472656,1.1999998092651367,0.1499999761581421,1.5894571936403423e-07,0.16206376254558563,0.0,0.8628236651420593,23555.274818317957,96.72126007080078,0,,,2.6819995737075804,39.999993642171226,2.999999523162842,7.244249725341796,0.12073749542236327,,,,,0.0,"[-0.2864550689201145, 0.029245962370586905, 0.3802317373155713, 0.5215767062103845, 0.5481879533326507, 0.39210893739144187, -0.05028975858691833, -0.1995437493814038, 0.0013728677426475158]",40,"[-0.21426381699771882, 0.03822115146973322, 0.3871416063750297, 0.47626100164608964, 0.4920580241782743, 0.3030207089072818, -0.1568206469410805, -0.3205949604160194, 0.0022084496407716358]",40,209042955.17600685,7.175558720632573e-07,,,,,,,,,,,,,,
0.6240889994303386,0.530101478099823,0.03412288799881935,0.005555555555555556,0.1748,"[32.665008544921875, 40.30975341796875, -23.060762405395508]",0.042662929743528366,351.6667175292969,1.1999998092651367,0.1499999761581421,1.5894571936403423e-07,0.16310687363147736,0.0,0.8598732352256775,23555.525268923586,96.7210922241211,0,,,2.6819995737075804,39.999993642171226,2.999999523162842,7.290876388549805,0.12151460647583008,,,,,0.0,"[-0.2864550689201145, 0.029245962370586905, 0.3802317373155713, 0.5215767062103845, 0.5481879533326507, 0.39210893739144187, -0.05028975858691833, -0.1995437493814038, 0.0013728677426475158]",40,"[-0.21426381699771882, 0.03822115146973322, 0.3871416063750297, 0.47626100164608964, 0.4920580241782743, 0.3030207089072818, -0.1568206469410805, -0.3205949604160194, 0.0022084496407716358]",40,209042955.17600685,7.175558720632573e-07,,,,,,,,,,,,,,
0.6287890116373698,0.5323569774627686,0.033703215420246124,0.005555555555555556,0.1748,"[32.8753547668457, 39.800472259521484, -24.150941848754883]",0.042824357748031616,351.6694641113281,1.1999998092651367,0.1499999761581421,1.5894571936403423e-07,0.16463257372379303,0.0,0.8544352054595947,23555.77374237288,96.72089385986328,0,,,2.6819995737075804,39.999993642171226,2.999999523162842,7.3590751647949215,0.12265125274658202,,,,,0.0,"[-0.2864550689201145, 0.029245962370586905, 0.3802317373155713, 0.5215767062103845, 0.5481879533326507, 0.39210893739144187, -0.05028975858691833, -0.1995437493814038, 0.0013728677426475158]",40,"[-0.21426381699771882, 0.03822115146973322, 0.3871416063750297, 0.47626100164608964, 0.4920580241782743, 0.3030207089072818, -0.1568206469410805, -0.3205949604160194, 0.0022084496407716358]",40,209042955.17600685,7.175558720632573e-07,,,,,,,,,,,,,,
0.6365840148925781,0.5332407355308533,0.03361926227807999,0.005555555555555556,0.1748,"[33.211524963378906, 41.81023025512695, -23.331350326538086]",0.04378461465239525,351.6722412109375,1.1999998092651367,0.1499999761581421,1.5894571936403423e-07,0.16292215883731842,0.0,0.8455184102058411,23556.02404389152,96.72068786621094,0,,,2.6819995737075804,39.999993642171226,2.999999523162842,7.282620048522949,0.12137700080871582,,,,,0.0,"[-0.2864550689201145, 0.029245962370586905, 0.3802317373155713, 0.5215767062103845, 0.5481879533326507, 0.39210893739144187, -0.05028975858691833, -0.1995437493814038, 0.0013728677426475158]",40,"[-0.21426381699771882, 0.03822115146973322, 0.3871416063750297, 0.47626100164608964, 0.4920580241782743, 0.3030207089072818, -0.1568206469410805, -0.3205949604160194, 0.0022084496407716358]",40,209042955.17600685,7.175558720632573e-07,,,,,,,,,,,,,,
0.6414168294270833,0.5375401377677917,0.03344264253973961,0.005555555555555556,0.1748,"[33.75553894042969, 41.952667236328125, -24.317626953125]",0.044395048171281815,351.67498779296875,1.1999998092651367,0.1499999761581421,1.5894571936403423e-07,0.16294367611408234,163.59511331889445,0.8389820456504822,23556.277451700786,96.7204818725586,0,,,2.6819995737075804,39.999993642171226,2.999999523162842,7.283581924438476,0.1213930320739746,0.9226593961394809,13.274073580305696,3.0254028514028897,4,0.0,"[-0.14731846586447608, 0.14361305281371123, 0.44092901043846494, 0.626105520616797, 0.6112365325950607, 0.45266431356700854, -0.057619878969273876, -0.7263232736951539, -0.2905651095026365, 0.3339605441457967]",70,"[-0.14028724410218313, 0.10389235278048521, 0.42521075410401565, 0.5920106450260304, 0.5556461055686699, 0.40890341831883936, -0.17085564924633187, -0.8673734337201874, -0.3083129689744797, 0.6913340616469285]",70,209043148.94352704,7.175552069420963e-07,3259.186767578125,1.7280711350298448,,"[0.1974053829908371, 0.6453754305839539, 2.1665139198303223]",332.7120666503906,1118.6431444140424,0.9741373462326672,0.0001322846152069525,2.4705557823181152,0.4047672152519226,5,7.037413465976715,,0.02565667900987843
0.6465735880533854,0.5363765954971313,0.033758826553821564,0.005555555555555556,0.1748,"[34.379581451416016, 41.762020111083984, -25.3430233001709]",0.04488490894436836,351.6777648925781,1.1999998092651367,0.1499999761581421,1.5894571936403423e-07,0.16358976066112518,0.0,0.8332975506782532,23556.529295292854,96.72025299072266,0,,,2.6819995737075804,39.999993642171226,2.999999523162842,7.31246166229248,0.121874361038208,,,,,0.0,"[-0.14731846586447608, 0.14361305281371123, 0.44092901043846494, 0.626105520616797, 0.6112365325950607, 0.45266431356700854, -0.057619878969273876, -0.7263232736951539, -0.2905651095026365, 0.3339605441457967]",70,"[-0.14028724410218313, 0.10389235278048521, 0.42521075410401565, 0.5920106450260304, 0.5556461055686699, 0.40890341831883936, -0.17085564924633187, -0.8673734337201874, -0.3083129689744797, 0.6913340616469285]",70,209043148.94352704,7.175552069420963e-07,,,,,,,,,,,,,,
0.6498863220214843,0.5432590246200562,0.03352561965584755,0.005555555555555556,0.1748,"[33.656837463378906, 41.40758514404297, -23.823945999145508]",0.04390978068113327,351.6806335449219,1.1999998092651367,0.1499999761581421,1.5894571936403423e-07,0.16215461492538452,0.0,0.828453779220581,23556.793910619035,96.72003936767578,0,,,2.6819995737075804,39.999993642171226,2.999999523162842,7.248310661315918,0.12080517768859862,,,,,0.0,"[-0.14731846586447608, 0.14361305281371123, 0.44092901043846494, 0.626105520616797, 0.6112365325950607, 0.45266431356700854, -0.057619878969273876, -0.7263232736951539, -0.2905651095026365, 0.3339605441457967]",70,"[-0.14028724410218313, 0.10389235278048521, 0.42521075410401565, 0.5920106450260304, 0.5556461055686699, 0.40890341831883936, -0.17085564924633187, -0.8673734337201874, -0.3083129689744797, 0.6913340616469285]",70,209043148.94352704,7.175552069420963e-07,,,,,,,,,,,,,,
0.6519097900390625,0.548334002494812,0.033600740134716034,0.005555555555555556,0.1748,"[33.97360610961914, 41.033538818359375, -24.415796279907227]",0.04403252154588699,351.6835021972656,1.1999998092651367,0.1499999761581421,1.5894571936403423e-07,0.1638278365135193,0.0,0.8254940509796143,23557.059703334664,96.71983337402344,0,,,2.6819995737075804,39.999993642171226,2.999999523162842,7.323103523254394,0.12205172538757324,,,,,0.0,"[-0.14731846586447608, 0.14361305281371123, 0.44092901043846494, 0.626105520616797, 0.6112365325950607, 0.45266431356700854, -0.057619878969273876, -0.7263232736951539, -0.2905651095026365, 0.3339605441457967]",70,"[-0.14028724410218313, 0.10389235278048521, 0.42521075410401565, 0.5920106450260304, 0.5556461055686699, 0.40890341831883936, -0.17085564924633187, -0.8673734337201874, -0.3083129689744797, 0.6913340616469285]",70,209043148.94352704,7.175552069420963e-07,,,,,,,,,,,,,,
0.6576263427734375,0.5453475713729858,0.033473048359155655,0.005555555555555556,0.1748,"[34.780128479003906, 41.564788818359375, -23.862720489501953]",0.044495586305856705,351.6863098144531,1.1999998092651367,0.1499999761581421,1.5894571936403423e-07,0.1631338745355606,0.0,0.8196717500686646,23557.320565880924,96.71965026855469,0,,,2.6819995737075804,39.999993642171226,2.999999523162842,7.292083740234375,0.12153472900390624,,,,,0.0,"[-0.14731846586447608, 0.14361305281371123, 0.44092901043846494, 0.626105520616797, 0.6112365325950607, 0.45266431356700854, -0.057619878969273876, -0.7263232736951539, -0.2905651095026365, 0.3339605441457967]",70,"[-0.14028724410218313, 0.10389235278048521, 0.42521075410401565, 0.5920106450260304, 0.5556461055686699, 0.40890341831883936, -0.17085564924633187, -0.8673734337201874, -0.3083129689744797, 0.6913340616469285]",70,209043148.94352704,7.175552069420963e-07,,,,,,,,,,,,,,
0.6594586181640625,0.5471051931381226,0.03317505493760109,0.005555555555555556,0.1748,"[34.879554748535156, 43.711612701416016, -23.07829475402832]",0.045456867665052414,351.6891784667969,1.1999998092651367,0.1499999761581421,1.5894571936403423e-07,0.1621471345424652,0.0,0.8170240521430969,23557.587284598976,96.71939086914062,0,,,2.6819995737075804,39.999993642171226,2.999999523162842,7.247977638244628,0.12079962730407713,,,,,0.0,"[-0.14731846586447608, 0.14361305281371123, 0.44092901043846494, 0.626105520616797, 0.6112365325950607, 0.45266431356700854, -0.057619878969273876, -0.7263232736951539, -0.2905651095026365, 0.3339605441457967]",70,"[-0.14028724410218313, 0.10389235278048521, 0.42521075410401565, 0.5920106450260304, 0.5556461055686699, 0.40890341831883936, -0.17085564924633187, -0.8673734337201874, -0.3083129689744797, 0.6913340616469285]",70,209043148.94352704,7.175552069420963e-07,,,,,,,,,,,,,,
0.6634761047363281,0.5485529899597168,0.03310982882976532,0.005555555555555556,0.1748,"[35.045982360839844, 43.729896545410156, -21.970462799072266]",0.045228421688079834,351.692138671875,1.1999998092651367,0.1499999761581421,1.5894571936403423e-07,0.16286689043045044,0.0,0.8126212358474731,23557.859504995624,96.71912384033203,0,,,2.6819995737075804,39.999993642171226,2.999999523162842,7.280149269104004,0.1213358211517334,,,,,0.0,"[-0.14731846586447608, 0.14361305281371123, 0.44092901043846494, 0.626105520616797, 0.6112365325950607, 0.45266431356700854, -0.057619878969273876, -0.7263232736951539, -0.2905651095026365, 0.3339605441457967]",70,"[-0.14028724410218313, 0.10389235278048521, 0.42521075410401565, 0.5920106450260304, 0.5556461055686699, 0.40890341831883936, -0.17085564924633187, -0.8673734337201874, -0.3083129689744797, 0.6913340616469285]",70,209043148.94352704,7.175552069420963e-07,,,,,,,,,,,,,,
0.6685231018066407,0.55498868227005,0.03292398527264595,0.005555555555555556,0.1748,"[34.596405029296875, 43.819393157958984, -22.259239196777344]",0.04516142979264259,351.6950378417969,1.1999998092651367,0.1499999761581421,1.5894571936403423e-07,0.16510581970214844,0.0,0.805528461933136,23558.128020809738,96.71885681152344,0,,,2.6819995737075804,39.999993642171226,2.999999523162842,7.380228424072265,0.12300380706787108,,,,,0.0,"[-0.14731846586447608, 0.14361305281371123, 0.44092901043846494, 0.626105520616797, 0.6112365325950607, 0.45266431356700854, -0.057619878969273876, -0.7263232736951539, -0.2905651095026365, 0.3339605441457967]",70,"[-0.14028724410218313, 0.10389235278048521, 0.42521075410401565, 0.5920106450260304, 0.5556461055686699, 0.40890341831883936, -0.17085564924633187, -0.8673734337201874, -0.3083129689744797, 0.6913340616469285]",70,209043148.94352704,7.175552069420963e-07,,,,,,,,,,,,,,
0.6746177164713542,0.5548312664031982,0.03276662155985832,0.005555555555555556,0.1748,"[33.5041618347168, 42.41693878173828, -23.374359130859375]",0.04424925148487091,351.69793701171875,1.1999998092651367,0.1499999761581421,1.5894571936403423e-07,0.16323985159397125,0.0,0.798562228679657,23558.390329750422,96.71859741210938,0,,,2.6819995737075804,39.999993642171226,2.999999523162842,7.296820449829101,0.12161367416381835,,,,,0.0,"[-0.14731846586447608, 0.14361305281371123, 0.44092901043846494, 0.626105520616797, 0.6112365325950607, 0.45266431356700854, -0.057619878969273876, -0.7263232736951539, -0.2905651095026365, 0.3339605441457967]",70,"[-0.14028724410218313, 0.10389235278048521, 0.42521075410401565, 0.5920106450260304, 0.5556461055686699, 0.40890341831883936, -0.17085564924633187, -0.8673734337201874, -0.3083129689744797, 0.6913340616469285]",70,209043148.94352704,7.175552069420963e-07,,,,,,,,,,,,,,
0.675167236328125,0.5523278713226318,0.032725900411605835,0.005555555555555556,0.1748,"[34.45954513549805, 41.861289978027344, -24.33597755432129]",0.04465540498495102,351.70086669921875,1.1999998092651367,0.1499999761581421,1.5894571936403423e-07,0.16265864670276642,0.0,0.7985068559646606,23558.660776251865,96.71839904785156,0,,,2.6819995737075804,39.999993642171226,2.999999523162842,7.270840644836426,0.12118067741394042,,,,,0.0,"[-0.14731846586447608, 0.14361305281371123, 0.44092901043846494, 0.626105520616797, 0.6112365325950607, 0.45266431356700854, -0.057619878969273876, -0.7263232736951539, -0.2905651095026365, 0.3339605441457967]",70,"[-0.14028724410218313, 0.10389235278048521, 0.42521075410401565, 0.5920106450260304, 0.5556461055686699, 0.40890341831883936, -0.17085564924633187, -0.8673734337201874, -0.3083129689744797, 0.6913340616469285]",70,209043148.94352704,7.175552069420963e-07,,,,,,,,,,,,,,
0.6799076843261719,0.5546718835830688,0.03279118239879608,0.005555555555555556,0.1748,"[34.846405029296875, 41.37987518310547, -23.163110733032227]",0.04421710595488548,351.703857421875,1.1999998092651367,0.1499999761581421,1.5894571936403423e-07,0.1632569134235382,0.0,0.7926523685455322,23558.93248882069,96.71817016601562,0,,,2.6819995737075804,39.999993642171226,2.999999523162842,7.297583198547363,0.12162638664245605,,,,,0.0,"[-0.008631185551558332, 0.2982661154160262, 0.5329978019380878, 0.6576670948276686, 0.7068216595630141, 0.509646359556308, 0.06197303881066794, -0.6657381132192836, -1.1664896470540786, -0.3581110314439474, 0.3704546413344696]",80,"[-0.03352903600950252, 0.19881519397676395, 0.4714995542233485, 0.6045103842138133, 0.6832644106162128, 0.4772842172012871, 0.035119577393477756, -0.7874052405062733, -1.2443639980491317, -0.19050343281564938, 0.9495832009355628]",80,209048216.918732,7.175378111850286e-07,,,,,,,,,,,,,,
0.6837388102213542,0.5557677149772644,0.032781098037958145,0.005555555555555556,0.1748,"[33.96103286743164, 40.58051681518555, -23.372785568237305]",0.043465692549943924,351.7068786621094,1.1999998092651367,0.1499999761581421,1.5894571936403423e-07,0.16307730972766876,0.0,0.7882338166236877,23559.212635612363,96.71792602539062,0,,,2.6819995737075804,39.999993642171226,2.999999523162842,7.289555168151855,0.12149258613586425,,,,,0.0,"[-0.008631185551558332, 0.2982661154160262, 0.5329978019380878, 0.6576670948276686, 0.7068216595630141, 0.509646359556308, 0.06197303881066794, -0.6657381132192836, -1.1664896470540786, -0.3581110314439474, 0.3704546413344696]",80,"[-0.03352903600950252, 0.19881519397676395, 0.4714995542233485, 0.6045103842138133, 0.6832644106162128, 0.4772842172012871, 0.035119577393477756, -0.7874052405062733, -1.2443639980491317, -0.19050343281564938, 0.9495832009355628]",80,209048216.918732,7.175378111850286e-07,,,,,,,,,,,,,,
0.6882002766927083,0.5581905245780945,0.0328582301735878,0.005555555555555556,0.1748,"[33.32943344116211, 40.83362579345703, -22.07902717590332]",0.04293825104832649,351.7099609375,1.1999998092651367,0.1499999761581421,1.5894571936403423e-07,0.16224390268325806,0.0,0.7821317315101624,23559.49821268521,96.71765899658203,0,,,2.6819995737075804,39.999993642171226,2.999999523162842,7.252301788330078,0.12087169647216796,,,,,0.0,"[-0.008631185551558332, 0.2982661154160262, 0.5329978019380878, 0.6576670948276686, 0.7068216595630141, 0.509646359556308, 0.06197303881066794, -0.6657381132192836, -1.1664896470540786, -0.3581110314439474, 0.3704546413344696]",80,"[-0.03352903600950252, 0.19881519397676395, 0.4714995542233485, 0.6045103842138133, 0.6832644106162128, 0.4772842172012871, 0.035119577393477756, -0.7874052405062733, -1.2443639980491317, -0.19050343281564938, 0.9495832009355628]",80,209048216.918732,7.175378111850286e-07,,,,,,,,,,,,,,
0.6926022338867187,0.5601223111152649,0.032914020121097565,0.005555555555555556,0.1748,"[32.76495361328125, 42.226234436035156, -23.81572914123535]",0.04396495223045349,351.71307373046875,1.1999998092651367,0.1499999761581421,1.5894571936403423e-07,0.16386258602142334,0.0,0.7763606905937195,23559.783182357925,96.71735382080078,0,,,2.6819995737075804,39.999993642171226,2.999999523162842,7.32465705871582,0.12207761764526366,,,,,0.0,"[-0.008631185551558332, 0.2982661154160262, 0.5329978019380878, 0.6576670948276686, 0.7068216595630141, 0.509646359556308, 0.06197303881066794, -0.6657381132192836, -1.1664896470540786, -0.3581110314439474, 0.3704546413344696]",80,"[-0.03352903600950252, 0.19881519397676395, 0.4714995542233485, 0.6045103842138133, 0.6832644106162128, 0.4772842172012871, 0.035119577393477756, -0.7874052405062733, -1.2443639980491317, -0.19050343281564938, 0.9495832009355628]",80,209048216.918732,7.175378111850286e-07,,,,,,,,,,,,,,
0.6944894917805989,0.5619578957557678,0.03264246881008148,0.005555555555555556,0.1748,"[32.18146896362305, 42.52231979370117, -23.689794540405273]",0.04384399205446243,351.7161865234375,1.1999998092651367,0.1499999761581421,1.5894571936403423e-07,0.16288042068481445,0.0,0.7736303210258484,23560.076248471567,96.717041015625,0,,,2.6819995737075804,39.999993642171226,2.999999523162842,7.280754661560058,0.12134591102600097,,,,,0.0,"[-0.008631185551558332, 0.2982661154160262, 0.5329978019380878, 0.6576670948276686, 0.7068216595630141, 0.509646359556308, 0.06197303881066794, -0.6657381132192836, -1.1664896470540786, -0.3581110314439474, 0.3704546413344696]",80,"[-0.03352903600950252, 0.19881519397676395, 0.4714995542233485, 0.6045103842138133, 0.6832644106162128, 0.4772842172012871, 0.035119577393477756, -0.7874052405062733, -1.2443639980491317, -0.19050343281564938, 0.9495832009355628]",80,209048216.918732,7.175378111850286e-07,,,,,,,,,,,,,,
0.6979773457845052,0.558293342590332,0.03258578106760979,0.005555555555555556,0.1752,"[31.396093368530273, 41.63395690917969, -23.83478355407715]",0.043078698217868805,351.7193298339844,1.1999998092651367,0.1499999761581421,1.5894571936403423e-07,0.16528663039207458,0.0,0.7707122564315796,23560.36724576205,96.7167739868164,0,,,2.6819995737075804,39.999993642171226,2.999999523162842,7.388311386108398,0.12313852310180663,,,,,0.0,"[-0.008631185551558332, 0.2982661154160262, 0.5329978019380878, 0.6576670948276686, 0.7068216595630141, 0.509646359556308, 0.06197303881066794, -0.6657381132192836, -1.1664896470540786, -0.3581110314439474, 0.3704546413344696]",80,"[-0.03352903600950252, 0.19881519397676395, 0.4714995542233485, 0.6045103842138133, 0.6832644106162128, 0.4772842172012871, 0.035119577393477756, -0.7874052405062733, -1.2443639980491317, -0.19050343281564938, 0.9495832009355628]",80,209048216.918732,7.175378111850286e-07,,,,,,,,,,,,,,
0.7017972819010416,0.5577930212020874,0.03278748691082001,0.005555555555555556,0.1752,"[30.132164001464844, 41.86637878417969, -24.957916259765625]",0.04305519536137581,351.72247314453125,1.1999998092651367,0.1499999761581421,1.5894571936403423e-07,0.16178035736083984,0.0,0.7665400505065918,23560.665215342095,96.71648406982422,0,,,2.6819995737075804,39.999993642171226,2.999999523162842,7.231581115722656,0.12052635192871093,,,,,0.0,"[-0.008631185551558332, 0.2982661154160262, 0.5329978019380878, 0.6576670948276686, 0.7068216595630141, 0.509646359556308, 0.06197303881066794, -0.6657381132192836, -1.1664896470540786, -0.3581110314439474, 0.3704546413344696]",80,"[-0.03352903600950252, 0.19881519397676395, 0.4714995542233485, 0.6045103842138133, 0.6832644106162128, 0.4772842172012871, 0.035119577393477756, -0.7874052405062733, -1.2443639980491317, -0.19050343281564938, 0.9495832009355628]",80,209048216.918732,7.175378111850286e-07,,,,,,,,,,,,,,
0.7080170694986979,0.5620856285095215,0.03276313841342926,0.005555555555555556,0.1752,"[29.4802303314209, 41.649845123291016, -23.96978759765625]",0.04235907644033432,351.7256164550781,1.1999998092651367,0.1499999761581421,1.5894571936403423e-07,0.1629984974861145,0.0,0.75801682472229,23560.963936941014,96.71615600585938,0,,,2.6819995737075804,39.999993642171226,2.999999523162842,7.2860315322875975,0.12143385887145995,,,,,0.0,"[-0.008631185551558332, 0.2982661154160262, 0.5329978019380878, 0.6576670948276686, 0.7068216595630141, 0.509646359556308, 0.06197303881066794, -0.6657381132192836, -1.1664896470540786, -0.3581110314439474, 0.3704546413344696]",80,"[-0.03352903600950252, 0.19881519397676395, 0.4714995542233485, 0.6045103842138133, 0.6832644106162128, 0.4772842172012871, 0.035119577393477756, -0.7874052405062733, -1.2443639980491317, -0.19050343281564938, 0.9495832009355628]",80,209048216.918732,7.175378111850286e-07,,,,,,,,,,,,,,
0.7124018351236979,0.5615465044975281,0.032892368733882904,0.005555555555555556,0.1752,"[29.543107986450195, 41.44119644165039, -22.328271865844727]",0.04175740107893944,351.7288513183594,1.1999998092651367,0.1499999761581421,1.5894571936403423e-07,0.16414065659046173,0.0,0.7529574632644653,23561.26893924993,96.71576690673828,0,,,2.6819995737075804,39.999993642171226,2.999999523162842,7.337086486816406,0.12228477478027343,,,,,0.0,"[-0.008631185551558332, 0.2982661154160262, 0.5329978019380878, 0.6576670948276686, 0.7068216595630141, 0.509646359556308, 0.06197303881066794, -0.6657381132192836, -1.1664896470540786, -0.3581110314439474, 0.3704546413344696]",80,"[-0.03352903600950252, 0.19881519397676395, 0.4714995542233485, 0.6045103842138133, 0.6832644106162128, 0.4772842172012871, 0.035119577393477756, -0.7874052405062733, -1.2443639980491317, -0.19050343281564938, 0.9495832009355628]",80,209048216.918732,7.175378111850286e-07,,,,,,,,,,,,,,
0.7173695882161458,0.5592324137687683,0.032733529806137085,0.005555555555555556,0.1752,"[30.55722999572754, 42.8162956237793, -20.53177833557129]",0.04242655262351036,351.7320556640625,1.1999998092651367,0.1499999761581421,1.5894571936403423e-07,0.16214683651924133,0.0,0.7467609643936157,23561.57354611744,96.71533966064453,0,,,2.6819995737075804,39.999993642171226,2.999999523162842,7.247963905334473,0.1207993984222412,,,,,0.0,"[-0.008631185551558332, 0.2982661154160262, 0.5329978019380878, 0.6576670948276686, 0.7068216595630141, 0.509646359556308, 0.06197303881066794, -0.6657381132192836, -1.1664896470540786, -0.3581110314439474, 0.3704546413344696]",80,"[-0.03352903600950252, 0.19881519397676395, 0.4714995542233485, 0.6045103842138133, 0.6832644106162128, 0.4772842172012871, 0.035119577393477756, -0.7874052405062733, -1.2443639980491317, -0.19050343281564938, 0.9495832009355628]",80,209048216.918732,7.175378111850286e-07,,,,,,,,,,,,,,
0.7227054341634115,0.5600438714027405,0.03279006481170654,0.005555555555555556,0.1752,"[28.968994140625, 43.09315872192383, -22.127830505371094]",0.042408592998981476,351.7351989746094,1.1999998092651367,0.1499999761581421,1.5894571936403423e-07,0.16188427805900574,163.67132966256563,0.7395823001861572,23561.8789049603,96.71489715576172,0,,,2.6819995737075804,39.999993642171226,2.999999523162842,7.2362268447875975,0.12060378074645996,0.9226593961394809,13.274073580305696,3.0254028514028897,4,0.0,"[0.08391848446917008, 0.3916589839905449, 0.6328024520025435, 0.7131464137420406, 0.7079484948084355, 0.5819309655318254, 0.13953523955223524, -0.48285970651986027, -1.0534703496627982, -1.1832327235891675, -0.3426779776029257, 0.24483645380190255]",90,"[0.001970725358949689, 0.2781498734785286, 0.5281093176213472, 0.6283832515266502, 0.6747238201563134, 0.5884338245785884, 0.12832542149933043, -0.5193945187898086, -1.1223740335083832, -1.1243200542718614, -0.015241588080310705, 0.8629784860097132]",90,209055415.35369068,7.175131041031503e-07,3259.25244140625,1.7725607758524236,,"[0.18970032036304474, 0.6409915089607239, 2.214399576187134]",332.7359619140625,1118.545754730726,0.9741410122799496,0.0001322846152069525,2.4713382720947266,0.4046390652656555,5,7.035954122543335,,0.02565667900987843
0.728301289876302,0.560043215751648,0.03243916854262352,0.005555555555555556,0.1754,"[29.028026580810547, 41.87159729003906, -20.5205020904541]",0.041268832981586456,351.7383728027344,1.1999998092651367,0.1499999761581421,1.5894571936403423e-07,0.163402259349823,0.0,0.7322587966918945,23562.186952900767,96.71450805664062,0,,,2.6819995737075804,39.999993642171226,2.999999523162842,7.304080009460449,0.12173466682434082,,,,,0.0,"[0.08391848446917008, 0.3916589839905449, 0.6328024520025435, 0.7131464137420406, 0.7079484948084355, 0.5819309655318254, 0.13953523955223524, -0.48285970651986027, -1.0534703496627982, -1.1832327235891675, -0.3426779776029257, 0.24483645380190255]",90,"[0.001970725358949689, 0.2781498734785286, 0.5281093176213472, 0.6283832515266502, 0.6747238201563134, 0.5884338245785884, 0.12832542149933043, -0.5193945187898086, -1.1223740335083832, -1.1243200542718614, -0.015241588080310705, 0.8629784860097132]",90,209055415.35369068,7.175131041031503e-07,,,,,,,,,,,,,,
0.736080576578776,0.5625455975532532,0.03220942243933678,0.005555555555555556,0.1754,"[27.014793395996094, 41.727088928222656, -18.55572509765625]",0.03986538201570511,351.741455078125,1.1999998092651367,0.1499999761581421,1.5894571936403423e-07,0.1622428148984909,0.0,0.7217292785644531,23562.49242339952,96.714111328125,0,,,2.6819995737075804,39.999993642171226,2.999999523162842,7.252253150939941,0.12087088584899902,,,,,0.0,"[0.08391848446917008, 0.3916589839905449, 0.6328024520025435, 0.7131464137420406, 0.7079484948084355, 0.5819309655318254, 0.13953523955223524, -0.48285970651986027, -1.0534703496627982, -1.1832327235891675, -0.3426779776029257, 0.24483645380190255]",90,"[0.001970725358949689, 0.2781498734785286, 0.5281093176213472, 0.6283832515266502, 0.6747238201563134, 0.5884338245785884, 0.12832542149933043, -0.5193945187898086, -1.1223740335083832, -1.1243200542718614, -0.015241588080310705, 0.8629784860097132]",90,209055415.35369068,7.175131041031503e-07,,,,,,,,,,,,,,
0.7417405192057291,0.5635691285133362,0.03256135806441307,0.005555555555555556,0.1754,"[24.711423873901367, 40.3436393737793, -20.143014907836914]",0.03863363713026047,351.7445983886719,1.1999998092651367,0.1499999761581421,1.5894571936403423e-07,0.1635657250881195,0.0,0.714169442653656,23562.801790190344,96.71379089355469,0,,,2.6819995737075804,39.999993642171226,2.999999523162842,7.311387634277343,0.12185646057128906,,,,,0.0,"[0.08391848446917008, 0.3916589839905449, 0.6328024520025435, 0.7131464137420406, 0.7079484948084355, 0.5819309655318254, 0.13953523955223524, -0.48285970651986027, -1.0534703496627982, -1.1832327235891675, -0.3426779776029257, 0.24483645380190255]",90,"[0.001970725358949689, 0.2781498734785286, 0.5281093176213472, 0.6283832515266502, 0.6747238201563134, 0.5884338245785884, 0.12832542149933043, -0.5193945187898086, -1.1223740335083832, -1.1243200542718614, -0.015241588080310705, 0.8629784860097132]",90,209055415.35369068,7.175131041031503e-07,,,,,,,,,,,,,,
0.7456097920735677,0.5685609579086304,0.03217244893312454,0.005555555555555556,0.1754,"[24.23263931274414, 40.55205154418945, -20.534500122070312]",0.038701705634593964,351.747802734375,1.1999998092651367,0.1499999761581421,1.5894571936403423e-07,0.1630745232105255,0.0,0.7086880207061768,23563.123701629826,96.71353912353516,0,,,2.6819995737075804,39.999993642171226,2.999999523162842,7.289430427551269,0.12149050712585449,,,,,0.0,"[0.08391848446917008, 0.3916589839905449, 0.6328024520025435, 0.7131464137420406, 0.7079484948084355, 0.5819309655318254, 0.13953523955223524, -0.48285970651986027, -1.0534703496627982, -1.1832327235891675, -0.3426779776029257, 0.24483645380190255]",90,"[0.001970725358949689, 0.2781498734785286, 0.5281093176213472, 0.6283832515266502, 0.6747238201563134, 0.5884338245785884, 0.12832542149933043, -0.5193945187898086, -1.1223740335083832, -1.1243200542718614, -0.015241588080310705, 0.8629784860097132]",90,209055415.35369068,7.175131041031503e-07,,,,,,,,,,,,,,
0.7479779561360677,0.5658565759658813,0.031757377088069916,0.005555555555555556,0.1754,"[24.61871910095215, 40.161865234375, -20.19085693359375]",0.038506828248500824,351.7509460449219,1.1999998092651367,0.1499999761581421,1.5894571936403423e-07,0.16523408889770508,0.0,0.706509530544281,23563.44470856989,96.71322631835938,0,,,2.6819995737075804,39.999993642171226,2.999999523162842,7.385963058471679,0.12309938430786133,,,,,0.0,"[0.08391848446917008, 0.3916589839905449, 0.6328024520025435, 0.7131464137420406, 0.7079484948084355, 0.5819309655318254, 0.13953523955223524, -0.48285970651986027, -1.0534703496627982, -1.1832327235891675, -0.3426779776029257, 0.24483645380190255]",90,"[0.001970725358949689, 0.2781498734785286, 0.5281093176213472, 0.6283832515266502, 0.6747238201563134, 0.5884338245785884, 0.12832542149933043, -0.5193945187898086, -1.1223740335083832, -1.1243200542718614, -0.015241588080310705, 0.8629784860097132]",90,209055415.35369068,7.175131041031503e-07,,,,,,,,,,,,,,
0.7528039042154948,0.5695409774780273,0.032038744539022446,0.005555555555555556,0.1754,"[22.456148147583008, 40.825836181640625, -20.80176544189453]",0.03833777457475662,351.75421142578125,1.1999998092651367,0.1499999761581421,1.5894571936403423e-07,0.16276903450489044,0.0,0.6990528106689453,23563.771800277726,96.71294403076172,0,,,2.6819995737075804,39.999993642171226,2.999999523162842,7.275775337219238,0.12126292228698729,,,,,0.0,"[0.08391848446917008, 0.3916589839905449, 0.6328024520025435, 0.7131464137420406, 0.7079484948084355, 0.5819309655318254, 0.13953523955223524, -0.48285970651986027, -1.0534703496627982, -1.1832327235891675, -0.3426779776029257, 0.24483645380190255]",90,"[0.001970725358949689, 0.2781498734785286, 0.5281093176213472, 0.6283832515266502, 0.6747238201563134, 0.5884338245785884, 0.12832542149933043, -0.5193945187898086, -1.1223740335083832, -1.1243200542718614, -0.015241588080310705, 0.8629784860097132]",90,209055415.35369068,7.175131041031503e-07,,,,,,,,,,,,,,
0.7560623677571615,0.5736474990844727,0.03165704384446144,0.005555555555555556,0.1754,"[22.648067474365234, 41.597686767578125, -22.432403564453125]",0.039374642074108124,351.7574462890625,1.1999998092651367,0.1499999761581421,1.5894571936403423e-07,0.1633622795343399,0.0,0.6934294700622559,23564.093490293373,96.71260833740234,0,,,2.6819995737075804,39.999993642171226,2.999999523162842,7.3022930145263665,0.12170488357543945,,,,,0.0,"[0.08391848446917008, 0.3916589839905449, 0.6328024520025435, 0.7131464137420406, 0.7079484948084355, 0.5819309655318254, 0.13953523955223524, -0.48285970651986027, -1.0534703496627982, -1.1832327235891675, -0.3426779776029257, 0.24483645380190255]",90,"[0.001970725358949689, 0.2781498734785286, 0.5281093176213472, 0.6283832515266502, 0.6747238201563134, 0.5884338245785884, 0.12832542149933043, -0.5193945187898086, -1.1223740335083832, -1.1243200542718614, -0.015241588080310705, 0.8629784860097132]",90,209055415.35369068,7.175131041031503e-07,,,,,,,,,,,,,,
0.7590070088704427,0.5737077593803406,0.03181597962975502,0.005555555555555556,0.1754,"[23.121355056762695, 41.06126403808594, -20.685863494873047]",0.03866566717624664,351.7607421875,1.1999998092651367,0.1499999761581421,1.5894571936403423e-07,0.16401909291744232,0.0,0.6894316077232361,23564.427114175523,96.71234130859375,0,,,2.6819995737075804,39.999993642171226,2.999999523162842,7.33165340423584,0.12219422340393066,,,,,0.0,"[0.08391848446917008, 0.3916589839905449, 0.6328024520025435, 0.7131464137420406, 0.7079484948084355, 0.5819309655318254, 0.13953523955223524, -0.48285970651986027, -1.0534703496627982, -1.1832327235891675, -0.3426779776029257, 0.24483645380190255]",90,"[0.001970725358949689, 0.2781498734785286, 0.5281093176213472, 0.6283832515266502, 0.6747238201563134, 0.5884338245785884, 0.12832542149933043, -0.5193945187898086, -1.1223740335083832, -1.1243200542718614, -0.015241588080310705, 0.8629784860097132]",90,209055415.35369068,7.175131041031503e-07,,,,,,,,,,,,,,
0.759466552734375,0.5717242360115051,0.03188323974609375,0.005555555555555556,0.1754,"[23.282554626464844, 41.59474182128906, -21.118505477905273]",0.03917064517736435,351.7640075683594,1.1999998092651367,0.1499999761581421,1.5894571936403423e-07,0.16583949327468872,0.0,0.6891612410545349,23564.758841213516,96.7120590209961,0,,,2.6819995737075804,39.999993642171226,2.999999523162842,7.41302490234375,0.1235504150390625,,,,,0.0,"[0.08391848446917008, 0.3916589839905449, 0.6328024520025435, 0.7131464137420406, 0.7079484948084355, 0.5819309655318254, 0.13953523955223524, -0.48285970651986027, -1.0534703496627982, -1.1832327235891675, -0.3426779776029257, 0.24483645380190255]",90,"[0.001970725358949689, 0.2781498734785286, 0.5281093176213472, 0.6283832515266502, 0.6747238201563134, 0.5884338245785884, 0.12832542149933043, -0.5193945187898086, -1.1223740335083832, -1.1243200542718614, -0.015241588080310705, 0.8629784860097132]",90,209055415.35369068,7.175131041031503e-07,,,,,,,,,,,,,,
0.764005126953125,0.57178795337677,0.03218294680118561,0.005555555555555556,0.1754,"[21.816600799560547, 40.182464599609375, -21.2209415435791]",0.03787163272500038,351.7671813964844,1.1999998092651367,0.1499999761581421,1.5894571936403423e-07,0.16370238363742828,0.0,0.6835221648216248,23565.08566030956,96.71173858642578,0,,,2.6819995737075804,39.999993642171226,2.999999523162842,7.317495918273925,0.12195826530456542,,,,,0.0,"[0.21622010426290328, 0.4600835046552314, 0.6862111554321866, 0.7844554567876915, 0.7279735986823469, 0.5572800792787058, 0.2523546858705627, -0.31510230733676453, -0.7857438180009301, -1.1143080959831984, -1.4358569380202484, -0.5961331807497643, 0.15925583369737195]",100,"[0.025475475153147728, 0.3009610589388681, 0.5962891333986968, 0.6764737231332054, 0.6840726188914782, 0.5765203138779368, 0.3163141269168267, -0.315208528637595, -0.7354485319078395, -1.062279258725425, -1.3285850857408525, -0.23305554466140657, 1.1274606428522296]",100,209068532.0808835,7.174680881289618e-07,,,,,,,,,,,,,,
0.7674485778808594,0.5733341574668884,0.03218761458992958,0.005555555555555556,0.1754,"[21.066444396972656, 40.596229553222656, -22.509244918823242]",0.038298193365335464,351.7704772949219,1.1999998092651367,0.1499999761581421,1.5894571936403423e-07,0.16319923102855682,0.0,0.6788982152938843,23565.417412621275,96.71135711669922,0,,,2.6819995737075804,39.999993642171226,2.999999523162842,7.295005989074706,0.1215834331512451,,,,,0.0,"[0.21622010426290328, 0.4600835046552314, 0.6862111554321866, 0.7844554567876915, 0.7279735986823469, 0.5572800792787058, 0.2523546858705627, -0.31510230733676453, -0.7857438180009301, -1.1143080959831984, -1.4358569380202484, -0.5961331807497643, 0.15925583369737195]",100,"[0.025475475153147728, 0.3009610589388681, 0.5962891333986968, 0.6764737231332054, 0.6840726188914782, 0.5765203138779368, 0.3163141269168267, -0.315208528637595, -0.7354485319078395, -1.062279258725425, -1.3285850857408525, -0.23305554466140657, 1.1274606428522296]",100,209068532.0808835,7.174680881289618e-07,,,,,,,,,,,,,,
0.7695491027832031,0.5750370621681213,0.03219187259674072,0.005555555555555556,0.1754,"[21.008689880371094, 40.06304168701172, -22.559085845947266]",0.03797834366559982,351.77374267578125,1.1999998092651367,0.1499999761581421,1.5894571936403423e-07,0.16269931197166443,0.0,0.6768410205841064,23565.747283932404,96.71095275878906,0,,,2.6819995737075804,39.999993642171226,2.999999523162842,7.272657966613769,0.12121096611022948,,,,,0.0,"[0.21622010426290328, 0.4600835046552314, 0.6862111554321866, 0.7844554567876915, 0.7279735986823469, 0.5572800792787058, 0.2523546858705627, -0.31510230733676453, -0.7857438180009301, -1.1143080959831984, -1.4358569380202484, -0.5961331807497643, 0.15925583369737195]",100,"[0.025475475153147728, 0.3009610589388681, 0.5962891333986968, 0.6764737231332054, 0.6840726188914782, 0.5765203138779368, 0.3163141269168267, -0.315208528637595, -0.7354485319078395, -1.062279258725425, -1.3285850857408525, -0.23305554466140657, 1.1274606428522296]",100,209068532.0808835,7.174680881289618e-07,,,,,,,,,,,,,,
0.771686299641927,0.5738959908485413,0.031995970755815506,0.005555555555555556,0.1754,"[20.660268783569336, 40.333683013916016, -21.257495880126953]",0.03760629892349243,351.77691650390625,1.1999998092651367,0.1499999761581421,1.5894571936403423e-07,0.16394956409931183,0.0,0.6751953959465027,23566.072003521997,96.71052551269531,0,,,2.6819995737075804,39.999993642171226,2.999999523162842,7.328544044494628,0.12214240074157713,,,,,0.0,"[0.21622010426290328, 0.4600835046552314, 0.6862111554321866, 0.7844554567876915, 0.7279735986823469, 0.5572800792787058, 0.2523546858705627, -0.31510230733676453, -0.7857438180009301, -1.1143080959831984, -1.4358569380202484, -0.5961331807497643, 0.15925583369737195]",100,"[0.025475475153147728, 0.3009610589388681, 0.5962891333986968, 0.6764737231332054, 0.6840726188914782, 0.5765203138779368, 0.3163141269168267, -0.315208528637595, -0.7354485319078395, -1.062279258725425, -1.3285850857408525, -0.23305554466140657, 1.1274606428522296]",100,209068532.0808835,7.174680881289618e-07,,,,,,,,,,,,,,
0.7745019022623698,0.5757602453231812,0.03219824284315109,0.005555555555555556,0.1754,"[20.61678695678711, 39.24803161621094, -17.749225616455078]",0.03587750717997551,351.78021240234375,1.1999998092651367,0.1499999761581421,1.5894571936403423e-07,0.16370369493961334,0.0,0.671381950378418,23566.41894464408,96.71014404296875,0,,,2.6819995737075804,39.999993642171226,2.999999523162842,7.317554855346679,0.12195924758911132,,,,,0.0,"[0.21622010426290328, 0.4600835046552314, 0.6862111554321866, 0.7844554567876915, 0.7279735986823469, 0.5572800792787058, 0.2523546858705627, -0.31510230733676453, -0.7857438180009301, -1.1143080959831984, -1.4358569380202484, -0.5961331807497643, 0.15925583369737195]",100,"[0.025475475153147728, 0.3009610589388681, 0.5962891333986968, 0.6764737231332054, 0.6840726188914782, 0.5765203138779368, 0.3163141269168267, -0.315208528637595, -0.7354485319078395, -1.062279258725425, -1.3285850857408525, -0.23305554466140657, 1.1274606428522296]",100,209068532.0808835,7.174680881289618e-07,,,,,,,,,,,,,,
0.7769332377115885,0.5764957666397095,0.03139585629105568,0.005555555555555556,0.1754,"[21.105941772460938, 38.65010070800781, -18.409162521362305]",0.0358591265976429,351.7834777832031,1.1999998092651367,0.1499999761581421,1.5894571936403423e-07,0.1632777452468872,0.0,0.6680497527122498,23566.771035571404,96.70979309082031,0,,,2.6819995737075804,39.999993642171226,2.999999523162842,7.298514175415039,0.12164190292358398,,,,,0.0,"[0.21622010426290328, 0.4600835046552314, 0.6862111554321866, 0.7844554567876915, 0.7279735986823469, 0.5572800792787058, 0.2523546858705627, -0.31510230733676453, -0.7857438180009301, -1.1143080959831984, -1.4358569380202484, -0.5961331807497643, 0.15925583369737195]",100,"[0.025475475153147728, 0.3009610589388681, 0.5962891333986968, 0.6764737231332054, 0.6840726188914782, 0.5765203138779368, 0.3163141269168267, -0.315208528637595, -0.7354485319078395, -1.062279258725425, -1.3285850857408525, -0.23305554466140657, 1.1274606428522296]",100,209068532.0808835,7.174680881289618e-07,,,,,,,,,,,,,,
0.7810861206054688,0.5814481377601624,0.03143864497542381,0.005555555555555556,0.1754,"[21.018638610839844, 38.36140441894531, -20.02228355407715]",0.036141764372587204,351.7867736816406,1.1999998092651367,0.1499999761581421,1.5894571936403423e-07,0.16436465084552765,0.0,0.6620239019393921,23567.118719617327,96.7094497680664,0,,,2.6819995737075804,39.999993642171226,2.999999523162842,7.347099494934081,0.12245165824890135,,,,,0.0,"[0.21622010426290328, 0.4600835046552314, 0.6862111554321866, 0.7844554567876915, 0.7279735986823469, 0.5572800792787058, 0.2523546858705627, -0.31510230733676453, -0.7857438180009301, -1.1143080959831984, -1.4358569380202484, -0.5961331807497643, 0.15925583369737195]",100,"[0.025475475153147728, 0.3009610589388681, 0.5962891333986968, 0.6764737231332054, 0.6840726188914782, 0.5765203138779368, 0.3163141269168267, -0.315208528637595, -0.7354485319078395, -1.062279258725425, -1.3285850857408525, -0.23305554466140657, 1.1274606428522296]",100,209068532.0808835,7.174680881289618e-07,,,,,,,,,,,,,,
0.7816361490885416,0.58669114112854,0.03213847056031227,0.005555555555555556,0.1754,"[20.469404220581055, 37.67978286743164, -20.232742309570312]",0.03562130406498909,351.7900085449219,1.1999998092651367,0.1499999761581421,1.5894571936403423e-07,0.16348843276500702,0.0,0.6585913896560669,23567.459304833163,96.70925903320312,0,,,2.6819995737075804,39.999993642171226,2.999999523162842,7.307932662963867,0.12179887771606444,,,,,0.0,"[0.21622010426290328, 0.4600835046552314, 0.6862111554321866, 0.7844554567876915, 0.7279735986823469, 0.5572800792787058, 0.2523546858705627, -0.31510230733676453, -0.7857438180009301, -1.1143080959831984, -1.4358569380202484, -0.5961331807497643, 0.15925583369737195]",100,"[0.025475475153147728, 0.3009610589388681, 0.5962891333986968, 0.6764737231332054, 0.6840726188914782, 0.5765203138779368, 0.3163141269168267, -0.315208528637595, -0.7354485319078395, -1.062279258725425, -1.3285850857408525, -0.23305554466140657, 1.1274606428522296]",100,209068532.0808835,7.174680881289618e-07,,,,,,,,,,,,,,
0.783453623453776,0.5874726176261902,0.03241809085011482,0.005555555555555556,0.1754,"[20.804811477661133, 36.17835998535156, -20.5882625579834]",0.03496108576655388,351.7931823730469,1.1999998092651367,0.1499999761581421,1.5894571936403423e-07,0.16352322697639465,0.0,0.6556296944618225,23567.790017116597,96.70907592773438,0,,,2.6819995737075804,39.999993642171226,2.999999523162842,7.309488487243652,0.12182480812072753,,,,,0.0,"[0.21622010426290328, 0.4600835046552314, 0.6862111554321866, 0.7844554567876915, 0.7279735986823469, 0.5572800792787058, 0.2523546858705627, -0.31510230733676453, -0.7857438180009301, -1.1143080959831984, -1.4358569380202484, -0.5961331807497643, 0.15925583369737195]",100,"[0.025475475153147728, 0.3009610589388681, 0.5962891333986968, 0.6764737231332054, 0.6840726188914782, 0.5765203138779368, 0.3163141269168267, -0.315208528637595, -0.7354485319078395, -1.062279258725425, -1.3285850857408525, -0.23305554466140657, 1.1274606428522296]",100,209068532.0808835,7.174680881289618e-07,,,,,,,,,,,,,,
0.7873079427083334,0.5954859256744385,0.0329199843108654,0.005555555555555556,0.1754,"[19.70901870727539, 36.20597839355469, -21.251070022583008]",0.03484228998422623,351.7963562011719,1.1999998092651367,0.1499999761581421,1.5894571936403423e-07,0.16217640042304993,0.0,0.648154616355896,23568.119470480742,96.70886993408203,0,,,2.6819995737075804,39.999993642171226,2.999999523162842,7.249284553527832,0.12082140922546386,,,,,0.0,"[0.21622010426290328, 0.4600835046552314, 0.6862111554321866, 0.7844554567876915, 0.7279735986823469, 0.5572800792787058, 0.2523546858705627, -0.31510230733676453, -0.7857438180009301, -1.1143080959831984, -1.4358569380202484, -0.5961331807497643, 0.15925583369737195]",100,"[0.025475475153147728, 0.3009610589388681, 0.5962891333986968, 0.6764737231332054, 0.6840726188914782, 0.5765203138779368, 0.3163141269168267, -0.315208528637595, -0.7354485319078395, -1.062279258725425, -1.3285850857408525, -0.23305554466140657, 1.1274606428522296]",100,209068532.0808835,7.174680881289618e-07,,,,,,,,,,,,,,
0.7909634399414063,0.600788950920105,0.0325888991355896,0.005555555555555556,0.1754,"[19.0814151763916, 36.5721549987793, -19.565893173217773]",0.03429941087961197,351.79949951171875,1.1999998092651367,0.1499999761581421,1.5894571936403423e-07,0.16493599116802216,163.74889083606683,0.6413733959197998,23568.449835817322,96.70867156982422,0,,,2.6819995737075804,39.999993642171226,2.999999523162842,7.372638130187988,0.12287730216979979,0.9219651040772265,13.28406971126535,3.0254028514028897,4,0.0,"[0.27278273871546566, 0.536396079655248, 0.720278178983022, 0.8192106325911902, 0.7779413194174634, 0.5791174990703337, 0.2562970901277955, -0.19834671941172677, -0.6468778093024542, -0.9276322658794448, -1.3148046539993368, -1.3035509856767475, -0.4750559230094847, 0.04237669910368743]",100,"[0.11072850632516683, 0.2996874075668252, 0.5819480105424226, 0.7006507002928024, 0.6912925032360637, 0.5604035535958641, 0.297961385740833, -0.15566335258562763, -0.5762890151922705, -0.7960823204489531, -1.2181159006687796, -1.1670170261477093, -0.0076297293234113646, 0.7083503558580174]",100,209083974.36103278,7.174150982082904e-07,3259.4111328125,1.8129885713553007,,"[0.184547558426857, 0.6385142803192139, 2.278432607650757]",332.7735290527344,1118.46119655937,0.9741467743180302,0.0001322846152069525,2.472111940383911,0.4045124053955078,5,7.0345112311840055,,0.025656679691466504
0.7928702799479167,0.6026267409324646,0.03236507251858711,0.005555555555555556,0.1754,"[18.005821228027344, 36.8481559753418, -20.470548629760742]",0.034435443580150604,351.8027038574219,1.1999998092651367,0.1499999761581421,1.5894571936403423e-07,0.1635986566543579,0.0,0.6379597783088684,23568.778550927007,96.70852661132812,0,,,2.6819995737075804,39.999993642171226,2.999999523162842,7.312859344482422,0.12188098907470703,,,,,0.0,"[0.27278273871546566, 0.536396079655248, 0.720278178983022, 0.8192106325911902, 0.7779413194174634, 0.5791174990703337, 0.2562970901277955, -0.19834671941172677, -0.6468778093024542, -0.9276322658794448, -1.3148046539993368, -1.3035509856767475, -0.4750559230094847, 0.04237669910368743]",100,"[0.11072850632516683, 0.2996874075668252, 0.5819480105424226, 0.7006507002928024, 0.6912925032360637, 0.5604035535958641, 0.297961385740833, -0.15566335258562763, -0.5762890151922705, -0.7960823204489531, -1.2181159006687796, -1.1670170261477093, -0.0076297293234113646, 0.7083503558580174]",100,209083974.36103278,7.174150982082904e-07,,,,,,,,,,,,,,
0.7956671651204427,0.6105244755744934,0.03221762180328369,0.005555555555555556,0.1754,"[16.936861038208008, 37.101016998291016, -20.647777557373047]",0.034341949969530106,351.8058776855469,1.1999998092651367,0.1499999761581421,1.5894571936403423e-07,0.1622859686613083,0.0,0.6316309571266174,23569.113069856496,96.7083969116211,0,,,2.6819995737075804,39.999993642171226,2.999999523162842,7.254182052612304,0.12090303421020507,,,,,0.0,"[0.27278273871546566, 0.536396079655248, 0.720278178983022, 0.8192106325911902, 0.7779413194174634, 0.5791174990703337, 0.2562970901277955, -0.19834671941172677, -0.6468778093024542, -0.9276322658794448, -1.3148046539993368, -1.3035509856767475, -0.4750559230094847, 0.04237669910368743]",100,"[0.11072850632516683, 0.2996874075668252, 0.5819480105424226, 0.7006507002928024, 0.6912925032360637, 0.5604035535958641, 0.297961385740833, -0.15566335258562763, -0.5762890151922705, -0.7960823204489531, -1.2181159006687796, -1.1670170261477093, -0.0076297293234113646, 0.7083503558580174]",100,209083974.36103278,7.174150982082904e-07,,,,,,,,,,,,,,
0.7979202270507812,0.6120997667312622,0.0319976769387722,0.005555555555555556,0.1754,"[16.70639991760254, 37.068565368652344, -19.245698928833008]",0.03379426151514053,351.8091735839844,1.1999998092651367,0.1499999761581421,1.5894571936403423e-07,0.16501036286354065,0.0,0.6284688115119934,23569.45453237327,96.70824432373047,0,,,2.6819995737075804,39.999993642171226,2.999999523162842,7.37596263885498,0.122932710647583,,,,,0.0,"[0.27278273871546566, 0.536396079655248, 0.720278178983022, 0.8192106325911902, 0.7779413194174634, 0.5791174990703337, 0.2562970901277955, -0.19834671941172677, -0.6468778093024542, -0.9276322658794448, -1.3148046539993368, -1.3035509856767475, -0.4750559230094847, 0.04237669910368743]",100,"[0.11072850632516683, 0.2996874075668252, 0.5819480105424226, 0.7006507002928024, 0.6912925032360637, 0.5604035535958641, 0.297961385740833, -0.15566335258562763, -0.5762890151922705, -0.7960823204489531, -1.2181159006687796, -1.1670170261477093, -0.0076297293234113646, 0.7083503558580174]",100,209083974.36103278,7.174150982082904e-07,,,,,,,,,,,,,,
0.7995211791992187,0.6175496578216553,0.031757183372974396,0.005555555555555556,0.1754,"[16.380416870117188, 36.504581451416016, -17.300386428833008]",0.03274766355752945,351.8124084472656,1.1999998092651367,0.1499999761581421,1.5894571936403423e-07,0.1638081967830658,0.0,0.6241086721420288,23569.793830270486,96.70812225341797,0,,,2.6819995737075804,39.999993642171226,2.999999523162842,7.322226333618164,0.12203710556030273,,,,,0.0,"[0.27278273871546566, 0.536396079655248, 0.720278178983022, 0.8192106325911902, 0.7779413194174634, 0.5791174990703337, 0.2562970901277955, -0.19834671941172677, -0.6468778093024542, -0.9276322658794448, -1.3148046539993368, -1.3035509856767475, -0.4750559230094847, 0.04237669910368743]",100,"[0.11072850632516683, 0.2996874075668252, 0.5819480105424226, 0.7006507002928024, 0.6912925032360637, 0.5604035535958641, 0.297961385740833, -0.15566335258562763, -0.5762890151922705, -0.7960823204489531, -1.2181159006687796, -1.1670170261477093, -0.0076297293234113646, 0.7083503558580174]",100,209083974.36103278,7.174150982082904e-07,,,,,,,,,,,,,,
0.8019879150390625,0.6242340207099915,0.031540051102638245,0.005555555555555556,0.1754,"[15.729717254638672, 36.43455505371094, -18.456703186035156]",0.03287940099835396,351.815673828125,1.1999998092651367,0.1499999761581421,1.5894571936403423e-07,0.1642647534608841,0.0,0.6187503337860107,23570.129233028405,96.7080078125,0,,,2.6819995737075804,39.999993642171226,2.999999523162842,7.342634010314941,0.12237723350524903,,,,,0.0,"[0.27278273871546566, 0.536396079655248, 0.720278178983022, 0.8192106325911902, 0.7779413194174634, 0.5791174990703337, 0.2562970901277955, -0.19834671941172677, -0.6468778093024542, -0.9276322658794448, -1.3148046539993368, -1.3035509856767475, -0.4750559230094847, 0.04237669910368743]",100,"[0.11072850632516683, 0.2996874075668252, 0.5819480105424226, 0.7006507002928024, 0.6912925032360637, 0.5604035535958641, 0.297961385740833, -0.15566335258562763, -0.5762890151922705, -0.7960823204489531, -1.2181159006687796, -1.1670170261477093, -0.0076297293234113646, 0.7083503558580174]",100,209083974.36103278,7.174150982082904e-07,,,,,,,,,,,,,,
0.8057833353678385,0.6316361427307129,0.030990203842520714,0.005555555555555556,0.1754,"[15.850727081298828, 35.36851501464844, -20.64608383178711]",0.03298959881067276,351.81890869140625,1.1999998092651367,0.1499999761581421,1.5894571936403423e-07,0.1632729023694992,0.0,0.611393928527832,23570.466711715348,96.70787811279297,0,,,2.6819995737075804,39.999993642171226,2.999999523162842,7.298298454284668,0.12163830757141113,,,,,0.0,"[0.27278273871546566, 0.536396079655248, 0.720278178983022, 0.8192106325911902, 0.7779413194174634, 0.5791174990703337, 0.2562970901277955, -0.19834671941172677, -0.6468778093024542, -0.9276322658794448, -1.3148046539993368, -1.3035509856767475, -0.4750559230094847, 0.04237669910368743]",100,"[0.11072850632516683, 0.2996874075668252, 0.5819480105424226, 0.7006507002928024, 0.6912925032360637, 0.5604035535958641, 0.297961385740833, -0.15566335258562763, -0.5762890151922705, -0.7960823204489531, -1.2181159006687796, -1.1670170261477093, -0.0076297293234113646, 0.7083503558580174]",100,209083974.36103278,7.174150982082904e-07,,,,,,,,,,,,,,
0.8091021219889323,0.6386690735816956,0.03143821656703949,0.005555555555555556,0.1754,"[15.381593704223633, 34.91322326660156, -21.09914779663086]",0.03275125101208687,351.8221740722656,1.1999998092651367,0.1499999761581421,1.5894571936403423e-07,0.16381590068340302,0.0,0.6039798259735107,23570.80515229697,96.7077865600586,0,,,2.6819995737075804,39.999993642171226,2.999999523162842,7.32257022857666,0.12204283714294432,,,,,0.0,"[0.27278273871546566, 0.536396079655248, 0.720278178983022, 0.8192106325911902, 0.7779413194174634, 0.5791174990703337, 0.2562970901277955, -0.19834671941172677, -0.6468778093024542, -0.9276322658794448, -1.3148046539993368, -1.3035509856767475, -0.4750559230094847, 0.04237669910368743]",100,"[0.11072850632516683, 0.2996874075668252, 0.5819480105424226, 0.7006507002928024, 0.6912925032360637, 0.5604035535958641, 0.297961385740833, -0.15566335258562763, -0.5762890151922705, -0.7960823204489531, -1.2181159006687796, -1.1670170261477093, -0.0076297293234113646, 0.7083503558580174]",100,209083974.36103278,7.174150982082904e-07,,,,,,,,,,,,,,
0.8092608642578125,0.6376622915267944,0.03187597915530205,0.005555555555555556,0.1754,"[14.823777198791504, 35.81869125366211, -20.91028594970703]",0.033087555319070816,351.8255310058594,1.1999998092651367,0.1499999761581421,1.5894571936403423e-07,0.16387435793876648,0.0,0.6039530634880066,23571.14635147682,96.70767974853516,0,,,2.6819995737075804,39.999993642171226,2.999999523162842,7.325182342529296,0.12208637237548826,,,,,0.0,"[0.27278273871546566, 0.536396079655248, 0.720278178983022, 0.8192106325911902, 0.7779413194174634, 0.5791174990703337, 0.2562970901277955, -0.19834671941172677, -0.6468778093024542, -0.9276322658794448, -1.3148046539993368, -1.3035509856767475, -0.4750559230094847, 0.04237669910368743]",100,"[0.11072850632516683, 0.2996874075668252, 0.5819480105424226, 0.7006507002928024, 0.6912925032360637, 0.5604035535958641, 0.297961385740833, -0.15566335258562763, -0.5762890151922705, -0.7960823204489531, -1.2181159006687796, -1.1670170261477093, -0.0076297293234113646, 0.7083503558580174]",100,209083974.36103278,7.174150982082904e-07,,,,,,,,,,,,,,
0.8129534403483073,0.6415678858757019,0.031817689538002014,0.005555555555555556,0.1753,"[14.614840507507324, 35.869815826416016, -19.917360305786133]",0.03271836042404175,351.828857421875,1.1999998092651367,0.1499999761581421,1.5894571936403423e-07,0.16409671306610107,0.0,0.5983694791793823,23571.48886387887,96.70758819580078,0,,,2.6819995737075804,39.999993642171226,2.999999523162842,7.335122680664062,0.12225204467773437,,,,,0.0,"[0.27278273871546566, 0.536396079655248, 0.720278178983022, 0.8192106325911902, 0.7779413194174634, 0.5791174990703337, 0.2562970901277955, -0.19834671941172677, -0.6468778093024542, -0.9276322658794448, -1.3148046539993368, -1.3035509856767475, -0.4750559230094847, 0.04237669910368743]",100,"[0.11072850632516683, 0.2996874075668252, 0.5819480105424226, 0.7006507002928024, 0.6912925032360637, 0.5604035535958641, 0.297961385740833, -0.15566335258562763, -0.5762890151922705, -0.7960823204489531, -1.2181159006687796, -1.1670170261477093, -0.0076297293234113646, 0.7083503558580174]",100,209083974.36103278,7.174150982082904e-07,,,,,,,,,,,,,,
0.8145655822753907,0.6424685120582581,0.03209367394447327,0.005555555555555556,0.1753,"[14.453998565673828, 35.74249267578125, -19.968204498291016]",0.03261648491024971,351.8321228027344,1.1999998092651367,0.1499999761581421,1.5894571936403423e-07,0.1654609888792038,0.0,0.5954679250717163,23571.830848004032,96.7075424194336,0,,,2.6819995737075804,39.999993642171226,2.999999523162842,7.39610538482666,0.12326842308044433,,,,,0.0,"[0.3330037504122256, 0.5850468203375998, 0.7887260429812499, 0.8431456915475478, 0.8103814799823148, 0.6449134658951551, 0.30655595799906615, -0.14632090781331897, -0.47173081290369995, -0.7597228358688433, -1.0799938364997255, -1.2586506703182925, -1.4597762243438916, -0.6870298163735566, -0.030324195518187304]",120,"[0.19401502319019528, 0.38657914173153624, 0.5509614822859406, 0.6714629020142866, 0.7127077789060724, 0.5756179613005646, 0.30529878694128976, -0.12014997766384093, -0.35980593324549903, -0.6204483184866539, -0.8958567980890102, -1.143046721894863, -1.2727169021400404, -0.3586673331582494, 0.7919577511366864]",120,209098211.42497194,7.173662509008242e-07,,,,,,,,,,,,,,
0.8162437947591146,0.6410138607025146,0.03201986849308014,0.005555555555555556,0.1753,"[13.94405460357666, 35.12469482421875, -19.849609375]",0.032066747546195984,351.83551025390625,1.1999998092651367,0.1499999761581421,1.5894571936403423e-07,0.1645883172750473,0.0,0.5948665142059326,23572.173060839355,96.70747375488281,0,,,2.6819995737075804,39.999993642171226,2.999999523162842,7.357096481323242,0.1226182746887207,,,,,0.0,"[0.3330037504122256, 0.5850468203375998, 0.7887260429812499, 0.8431456915475478, 0.8103814799823148, 0.6449134658951551, 0.30655595799906615, -0.14632090781331897, -0.47173081290369995, -0.7597228358688433, -1.0799938364997255, -1.2586506703182925, -1.4597762243438916, -0.6870298163735566, -0.030324195518187304]",120,"[0.19401502319019528, 0.38657914173153624, 0.5509614822859406, 0.6714629020142866, 0.7127077789060724, 0.5756179613005646, 0.30529878694128976, -0.12014997766384093, -0.35980593324549903, -0.6204483184866539, -0.8958567980890102, -1.143046721894863, -1.2727169021400404, -0.3586673331582494, 0.7919577511366864]",120,209098211.42497194,7.173662509008242e-07,,,,,,,,,,,,,,
0.8186311848958333,0.6408768892288208,0.03222353383898735,0.005555555555555556,0.1753,"[14.39847183227539, 36.35386657714844, -18.690990447998047]",0.032556258141994476,351.83880615234375,1.1999998092651367,0.1499999761581421,1.5894571936403423e-07,0.16383659839630127,0.0,0.5917648077011108,23572.510954727542,96.7073745727539,0,,,2.6819995737075804,39.999993642171226,2.999999523162842,7.323494911193848,0.12205824851989745,,,,,0.0,"[0.3330037504122256, 0.5850468203375998, 0.7887260429812499, 0.8431456915475478, 0.8103814799823148, 0.6449134658951551, 0.30655595799906615, -0.14632090781331897, -0.47173081290369995, -0.7597228358688433, -1.0799938364997255, -1.2586506703182925, -1.4597762243438916, -0.6870298163735566, -0.030324195518187304]",120,"[0.19401502319019528, 0.38657914173153624, 0.5509614822859406, 0.6714629020142866, 0.7127077789060724, 0.5756179613005646, 0.30529878694128976, -0.12014997766384093, -0.35980593324549903, -0.6204483184866539, -0.8958567980890102, -1.143046721894863, -1.2727169021400404, -0.3586673331582494, 0.7919577511366864]",120,209098211.42497194,7.173662509008242e-07,,,,,,,,,,,,,,
0.8193238321940104,0.6393640041351318,0.03221325948834419,0.005555555555555556,0.1753,"[15.156607627868652, 36.636287689208984, -18.24924087524414]",0.03278661146759987,351.8420715332031,1.1999998092651367,0.1499999761581421,1.5894571936403423e-07,0.16445964574813843,0.0,0.5918611884117126,23572.841603196273,96.70718383789062,0,,,2.6819995737075804,39.999993642171226,2.999999523162842,7.351345825195312,0.12252243041992188,,,,,0.0,"[0.3330037504122256, 0.5850468203375998, 0.7887260429812499, 0.8431456915475478, 0.8103814799823148, 0.6449134658951551, 0.30655595799906615, -0.14632090781331897, -0.47173081290369995, -0.7597228358688433, -1.0799938364997255, -1.2586506703182925, -1.4597762243438916, -0.6870298163735566, -0.030324195518187304]",120,"[0.19401502319019528, 0.38657914173153624, 0.5509614822859406, 0.6714629020142866, 0.7127077789060724, 0.5756179613005646, 0.30529878694128976, -0.12014997766384093, -0.35980593324549903, -0.6204483184866539, -0.8958567980890102, -1.143046721894863, -1.2727169021400404, -0.3586673331582494, 0.7919577511366864]",120,209098211.42497194,7.173662509008242e-07,,,,,,,,,,,,,,
0.8212721761067708,0.6429224610328674,0.03216198459267616,0.005555555555555556,0.1753,"[15.158267974853516, 35.390281677246094, -18.35504150390625]",0.03203931450843811,351.8453063964844,1.1999998092651367,0.1499999761581421,1.5894571936403423e-07,0.1633307933807373,0.0,0.5875399708747864,23573.173452497085,96.70706176757812,0,,,2.6819995737075804,39.999993642171226,2.999999523162842,7.300885391235351,0.12168142318725585,,,,,0.0,"[0.3330037504122256, 0.5850468203375998, 0.7887260429812499, 0.8431456915475478, 0.8103814799823148, 0.6449134658951551, 0.30655595799906615, -0.14632090781331897, -0.47173081290369995, -0.7597228358688433, -1.0799938364997255, -1.2586506703182925, -1.4597762243438916, -0.6870298163735566, -0.030324195518187304]",120,"[0.19401502319019528, 0.38657914173153624, 0.5509614822859406, 0.6714629020142866, 0.7127077789060724, 0.5756179613005646, 0.30529878694128976, -0.12014997766384093, -0.35980593324549903, -0.6204483184866539, -0.8958567980890102, -1.143046721894863, -1.2727169021400404, -0.3586673331582494, 0.7919577511366864]",120,209098211.42497194,7.173662509008242e-07,,,,,,,,,,,,,,
0.8225544230143229,0.6459004282951355,0.032025087624788284,0.005555555555555556,0.1753,"[15.095210075378418, 36.077518463134766, -19.92645835876465]",0.032970961183309555,351.8486022949219,1.1999998092651367,0.1499999761581421,1.5894571936403423e-07,0.16358155012130737,0.0,0.5848840475082397,23573.5130853784,96.70703125,0,,,2.6819995737075804,39.999993642171226,2.999999523162842,7.312093734741211,0.12186822891235351,,,,,0.0,"[0.3330037504122256, 0.5850468203375998, 0.7887260429812499, 0.8431456915475478, 0.8103814799823148, 0.6449134658951551, 0.30655595799906615, -0.14632090781331897, -0.47173081290369995, -0.7597228358688433, -1.0799938364997255, -1.2586506703182925, -1.4597762243438916, -0.6870298163735566, -0.030324195518187304]",120,"[0.19401502319019528, 0.38657914173153624, 0.5509614822859406, 0.6714629020142866, 0.7127077789060724, 0.5756179613005646, 0.30529878694128976, -0.12014997766384093, -0.35980593324549903, -0.6204483184866539, -0.8958567980890102, -1.143046721894863, -1.2727169021400404, -0.3586673331582494, 0.7919577511366864]",120,209098211.42497194,7.173662509008242e-07,,,,,,,,,,,,,,
0.8272125244140625,0.6517283916473389,0.03225446864962578,0.005555555555555556,0.1753,"[13.699359893798828, 37.5590705871582, -20.70847511291504]",0.03382127359509468,351.85186767578125,1.1999998092651367,0.1499999761581421,1.5894571936403423e-07,0.16352084279060364,0.0,0.5757274627685547,23573.85535329237,96.70696258544922,0,,,2.6819995737075804,39.999993642171226,2.999999523162842,7.309380912780761,0.12182301521301268,,,,,0.0,"[0.3330037504122256, 0.5850468203375998, 0.7887260429812499, 0.8431456915475478, 0.8103814799823148, 0.6449134658951551, 0.30655595799906615, -0.14632090781331897, -0.47173081290369995, -0.7597228358688433, -1.0799938364997255, -1.2586506703182925, -1.4597762243438916, -0.6870298163735566, -0.030324195518187304]",120,"[0.19401502319019528, 0.38657914173153624, 0.5509614822859406, 0.6714629020142866, 0.7127077789060724, 0.5756179613005646, 0.30529878694128976, -0.12014997766384093, -0.35980593324549903, -0.6204483184866539, -0.8958567980890102, -1.143046721894863, -1.2727169021400404, -0.3586673331582494, 0.7919577511366864]",120,209098211.42497194,7.173662509008242e-07,,,,,,,,,,,,,,
0.8261153157552084,0.6485591530799866,0.03225810453295708,0.005555555555555556,0.1753,"[13.598321914672852, 38.47306442260742, -20.14678955078125]",0.03418431803584099,351.8552551269531,1.1999998092651367,0.1499999761581421,1.5894571936403423e-07,0.16334299743175507,0.0,0.5782568454742432,23574.204044127757,96.7068862915039,0,,,2.6819995737075804,39.999993642171226,2.999999523162842,7.301430702209473,0.12169051170349121,,,,,0.0,"[0.3330037504122256, 0.5850468203375998, 0.7887260429812499, 0.8431456915475478, 0.8103814799823148, 0.6449134658951551, 0.30655595799906615, -0.14632090781331897, -0.47173081290369995, -0.7597228358688433, -1.0799938364997255, -1.2586506703182925, -1.4597762243438916, -0.6870298163735566, -0.030324195518187304]",120,"[0.19401502319019528, 0.38657914173153624, 0.5509614822859406, 0.6714629020142866, 0.7127077789060724, 0.5756179613005646, 0.30529878694128976, -0.12014997766384093, -0.35980593324549903, -0.6204483184866539, -0.8958567980890102, -1.143046721894863, -1.2727169021400404, -0.3586673331582494, 0.7919577511366864]",120,209098211.42497194,7.173662509008242e-07,,,,,,,,,,,,,,
0.8273713175455729,0.6501639485359192,0.03235725685954094,0.005555555555555556,0.1753,"[13.7092924118042, 37.64124298095703, -19.540998458862305]",0.03348086401820183,351.858642578125,1.1999998092651367,0.1499999761581421,1.5894571936403423e-07,0.1645277887582779,0.0,0.5752625465393066,23574.54563767326,96.7068099975586,0,,,2.6819995737075804,39.999993642171226,2.999999523162842,7.35439224243164,0.12257320404052734,,,,,0.0,"[0.3330037504122256, 0.5850468203375998, 0.7887260429812499, 0.8431456915475478, 0.8103814799823148, 0.6449134658951551, 0.30655595799906615, -0.14632090781331897, -0.47173081290369995, -0.7597228358688433, -1.0799938364997255, -1.2586506703182925, -1.4597762243438916, -0.6870298163735566, -0.030324195518187304]",120,"[0.19401502319019528, 0.38657914173153624, 0.5509614822859406, 0.6714629020142866, 0.7127077789060724, 0.5756179613005646, 0.30529878694128976, -0.12014997766384093, -0.35980593324549903, -0.6204483184866539, -0.8958567980890102, -1.143046721894863, -1.2727169021400404, -0.3586673331582494, 0.7919577511366864]",120,209098211.42497194,7.173662509008242e-07,,,,,,,,,,,,,,
0.8298144022623698,0.6524413228034973,0.032392360270023346,0.005555555555555556,0.1755,"[13.60879898071289, 38.100807189941406, -19.265090942382812]",0.03366008400917053,351.8619384765625,1.1999998092651367,0.1499999761581421,1.5894571936403423e-07,0.1630479395389557,0.0,0.571577250957489,23574.88280233097,96.70672607421875,0,,,2.6819995737075804,39.999993642171226,2.999999523162842,7.288241958618164,0.12147069931030273,,,,,0.0,"[0.3330037504122256, 0.5850468203375998, 0.7887260429812499, 0.8431456915475478, 0.8103814799823148, 0.6449134658951551, 0.30655595799906615, -0.14632090781331897, -0.47173081290369995, -0.7597228358688433, -1.0799938364997255, -1.2586506703182925, -1.4597762243438916, -0.6870298163735566, -0.030324195518187304]",120,"[0.19401502319019528, 0.38657914173153624, 0.5509614822859406, 0.6714629020142866, 0.7127077789060724, 0.5756179613005646, 0.30529878694128976, -0.12014997766384093, -0.35980593324549903, -0.6204483184866539, -0.8958567980890102, -1.143046721894863, -1.2727169021400404, -0.3586673331582494, 0.7919577511366864]",120,209098211.42497194,7.173662509008242e-07,,,,,,,,,,,,,,
0.8311727396647135,0.6526234745979309,0.03225785121321678,0.005555555555555556,0.1755,"[12.796170234680176, 37.99323272705078, -19.386415481567383]",0.03345002979040146,351.8652038574219,1.1999998092651367,0.1499999761581421,1.5894571936403423e-07,0.16452810168266296,163.64094035691124,0.5700547099113464,23575.223097460963,96.70661163330078,0,,,2.6819995737075804,39.999993642171226,2.999999523162842,7.354405403137207,0.12257342338562012,0.9219651040772265,13.28406971126535,3.0213234375943627,4,0.0,"[0.37523438731074965, 0.6211914621955009, 0.8139319573163389, 0.8916689997463032, 0.8250173296247557, 0.6725294277492816, 0.37242215927747285, -0.07918589785051379, -0.41459267261349203, -0.6123622340982429, -0.9207521978458695, -1.0669076861141713, -1.3719147239463645, -1.4487769483732187, -0.6525740424074719, -0.08910000949253333]",130,"[0.25584277397159577, 0.4395387464925216, 0.6017496182278934, 0.6341108502389626, 0.6756832963555643, 0.5874182704389382, 0.32342550660371155, -0.08815761428825875, -0.3271707864209381, -0.4522912144067888, -0.741620459862661, -0.8848263995956723, -1.2162343640004551, -1.3184964848845298, -0.24417058718042708, 0.5824824866165264]",130,209113147.71294945,7.173150117079471e-07,3259.793212890625,1.8394514551317194,,"[0.18089978396892548, 0.6369320154190063, 2.3168513774871826]",332.82159423828125,1118.43528131324,0.9741541437484824,0.0001322846152069525,2.472879648208618,0.40438681840896606,5,7.033079456090927,,0.025656679691466504
0.8334110005696614,0.6584050059318542,0.032180264592170715,0.005555555555555556,0.1755,"[13.578636169433594, 36.97663879394531, -19.514057159423828]",0.03302016109228134,351.86859130859375,1.1999998092651367,0.1499999761581421,1.5894571936403423e-07,0.1631919890642166,0.0,0.5646124482154846,23575.57030858416,96.70659637451172,0,,,2.6819995737075804,39.999993642171226,2.999999523162842,7.294680976867675,0.12157801628112792,,,,,0.0,"[0.37523438731074965, 0.6211914621955009, 0.8139319573163389, 0.8916689997463032, 0.8250173296247557, 0.6725294277492816, 0.37242215927747285, -0.07918589785051379, -0.41459267261349203, -0.6123622340982429, -0.9207521978458695, -1.0669076861141713, -1.3719147239463645, -1.4487769483732187, -0.6525740424074719, -0.08910000949253333]",130,"[0.25584277397159577, 0.4395387464925216, 0.6017496182278934, 0.6341108502389626, 0.6756832963555643, 0.5874182704389382, 0.32342550660371155, -0.08815761428825875, -0.3271707864209381, -0.4522912144067888, -0.741620459862661, -0.8848263995956723, -1.2162343640004551, -1.3184964848845298, -0.24417058718042708, 0.5824824866165264]",130,209113147.71294945,7.173150117079471e-07,,,,,,,,,,,,,,
0.834630126953125,0.6609464883804321,0.03241494670510292,0.005555555555555556,0.1755,"[12.193403244018555, 36.80186462402344, -20.99888038635254]",0.03311850503087044,351.8719482421875,1.1999998092651367,0.1499999761581421,1.5894571936403423e-07,0.16445599496364594,0.0,0.5619286894798279,23575.916726913783,96.70659637451172,0,,,2.6819995737075804,39.999993642171226,2.999999523162842,7.351182746887207,0.12251971244812011,,,,,0.0,"[0.37523438731074965, 0.6211914621955009, 0.8139319573163389, 0.8916689997463032, 0.8250173296247557, 0.6725294277492816, 0.37242215927747285, -0.07918589785051379, -0.41459267261349203, -0.6123622340982429, -0.9207521978458695, -1.0669076861141713, -1.3719147239463645, -1.4487769483732187, -0.6525740424074719, -0.08910000949253333]",130,"[0.25584277397159577, 0.4395387464925216, 0.6017496182278934, 0.6341108502389626, 0.6756832963555643, 0.5874182704389382, 0.32342550660371155, -0.08815761428825875, -0.3271707864209381, -0.4522912144067888, -0.741620459862661, -0.8848263995956723, -1.2162343640004551, -1.3184964848845298, -0.24417058718042708, 0.5824824866165264]",130,209113147.71294945,7.173150117079471e-07,,,,,,,,,,,,,,
0.8366353861490885,0.6608069539070129,0.03217644989490509,0.005555555555555556,0.1755,"[11.686603546142578, 35.97774124145508, -20.29876136779785]",0.032246481627225876,351.8752136230469,1.1999998092651367,0.1499999761581421,1.5894571936403423e-07,0.16399750113487244,0.0,0.559906542301178,23576.25174748557,96.70659637451172,0,,,2.6819995737075804,39.999993642171226,2.999999523162842,7.330687522888184,0.12217812538146973,,,,,0.0,"[0.37523438731074965, 0.6211914621955009, 0.8139319573163389, 0.8916689997463032, 0.8250173296247557, 0.6725294277492816, 0.37242215927747285, -0.07918589785051379, -0.41459267261349203, -0.6123622340982429, -0.9207521978458695, -1.0669076861141713, -1.3719147239463645, -1.4487769483732187, -0.6525740424074719, -0.08910000949253333]",130,"[0.25584277397159577, 0.4395387464925216, 0.6017496182278934, 0.6341108502389626, 0.6756832963555643, 0.5874182704389382, 0.32342550660371155, -0.08815761428825875, -0.3271707864209381, -0.4522912144067888, -0.741620459862661, -0.8848263995956723, -1.2162343640004551, -1.3184964848845298, -0.24417058718042708, 0.5824824866165264]",130,209113147.71294945,7.173150117079471e-07,,,,,,,,,,,,,,
0.8379966735839843,0.6607838273048401,0.03219340741634369,0.005555555555555556,0.1755,"[11.133174896240234, 37.21586608886719, -21.014461517333984]",0.033173851668834686,351.87847900390625,1.1999998092651367,0.1499999761581421,1.5894571936403423e-07,0.1635597199201584,0.0,0.5571224093437195,23576.589568745923,96.70662689208984,0,,,2.6819995737075804,39.999993642171226,2.999999523162842,7.311118698120117,0.12185197830200195,,,,,0.0,"[0.37523438731074965, 0.6211914621955009, 0.8139319573163389, 0.8916689997463032, 0.8250173296247557, 0.6725294277492816, 0.37242215927747285, -0.07918589785051379, -0.41459267261349203, -0.6123622340982429, -0.9207521978458695, -1.0669076861141713, -1.3719147239463645, -1.4487769483732187, -0.6525740424074719, -0.08910000949253333]",130,"[0.25584277397159577, 0.4395387464925216, 0.6017496182278934, 0.6341108502389626, 0.6756832963555643, 0.5874182704389382, 0.32342550660371155, -0.08815761428825875, -0.3271707864209381, -0.4522912144067888, -0.741620459862661, -0.8848263995956723, -1.2162343640004551, -1.3184964848845298, -0.24417058718042708, 0.5824824866165264]",130,209113147.71294945,7.173150117079471e-07,,,,,,,,,,,,,,
0.8386072285970052,0.6622914671897888,0.03218013793230057,0.005555555555555556,0.1755,"[11.519866943359375, 36.18135452270508, -20.634489059448242]",0.03246014192700386,351.88177490234375,1.1999998092651367,0.1499999761581421,1.5894571936403423e-07,0.16378475725650787,0.0,0.5551069378852844,23576.931101705948,96.70662689208984,0,,,2.6819995737075804,39.999993642171226,2.999999523162842,7.3211786270141594,0.12201964378356932,,,,,0.0,"[0.37523438731074965, 0.6211914621955009, 0.8139319573163389, 0.8916689997463032, 0.8250173296247557, 0.6725294277492816, 0.37242215927747285, -0.07918589785051379, -0.41459267261349203, -0.6123622340982429, -0.9207521978458695, -1.0669076861141713, -1.3719147239463645, -1.4487769483732187, -0.6525740424074719, -0.08910000949253333]",130,"[0.25584277397159577, 0.4395387464925216, 0.6017496182278934, 0.6341108502389626, 0.6756832963555643, 0.5874182704389382, 0.32342550660371155, -0.08815761428825875, -0.3271707864209381, -0.4522912144067888, -0.741620459862661, -0.8848263995956723, -1.2162343640004551, -1.3184964848845298, -0.24417058718042708, 0.5824824866165264]",130,209113147.71294945,7.173150117079471e-07,,,,,,,,,,,,,,
0.8402833048502604,0.6643927693367004,0.0321374386548996,0.005555555555555556,0.1755,"[10.698527336120605, 36.15298843383789, -20.8676815032959]",0.03236742690205574,351.8851013183594,1.1999998092651367,0.1499999761581421,1.5894571936403423e-07,0.1634778380393982,0.0,0.5521627068519592,23577.270909978026,96.70661163330078,0,,,2.6819995737075804,39.999993642171226,2.999999523162842,7.307458877563477,0.1217909812927246,,,,,0.0,"[0.37523438731074965, 0.6211914621955009, 0.8139319573163389, 0.8916689997463032, 0.8250173296247557, 0.6725294277492816, 0.37242215927747285, -0.07918589785051379, -0.41459267261349203, -0.6123622340982429, -0.9207521978458695, -1.0669076861141713, -1.3719147239463645, -1.4487769483732187, -0.6525740424074719, -0.08910000949253333]",130,"[0.25584277397159577, 0.4395387464925216, 0.6017496182278934, 0.6341108502389626, 0.6756832963555643, 0.5874182704389382, 0.32342550660371155, -0.08815761428825875, -0.3271707864209381, -0.4522912144067888, -0.741620459862661, -0.8848263995956723, -1.2162343640004551, -1.3184964848845298, -0.24417058718042708, 0.5824824866165264]",130,209113147.71294945,7.173150117079471e-07,,,,,,,,,,,,,,
0.8409305826822917,0.666185736656189,0.032625533640384674,0.005555555555555556,0.1755,"[10.567028999328613, 35.381324768066406, -23.242528915405273]",0.03277212381362915,351.88836669921875,1.1999998092651367,0.1499999761581421,1.5894571936403423e-07,0.16392983496189117,0.0,0.550666093826294,23577.609479714658,96.70662689208984,0,,,2.6819995737075804,39.999993642171226,2.999999523162842,7.327663421630859,0.12212772369384765,,,,,0.0,"[0.37523438731074965, 0.6211914621955009, 0.8139319573163389, 0.8916689997463032, 0.8250173296247557, 0.6725294277492816, 0.37242215927747285, -0.07918589785051379, -0.41459267261349203, -0.6123622340982429, -0.9207521978458695, -1.0669076861141713, -1.3719147239463645, -1.4487769483732187, -0.6525740424074719, -0.08910000949253333]",130,"[0.25584277397159577, 0.4395387464925216, 0.6017496182278934, 0.6341108502389626, 0.6756832963555643, 0.5874182704389382, 0.32342550660371155, -0.08815761428825875, -0.3271707864209381, -0.4522912144067888, -0.741620459862661, -0.8848263995956723, -1.2162343640004551, -1.3184964848845298, -0.24417058718042708, 0.5824824866165264]",130,209113147.71294945,7.173150117079471e-07,,,,,,,,,,,,,,
0.8420469665527344,0.66768878698349,0.032569266855716705,0.005555555555555556,0.1755,"[8.791285514831543, 36.587501525878906, -23.36138343811035]",0.03326708450913429,351.89166259765625,1.1999998092651367,0.1499999761581421,1.5894571936403423e-07,0.16521123051643372,0.0,0.5484277606010437,23577.951289054552,96.70665740966797,0,,,2.6819995737075804,39.999993642171226,2.999999523162842,7.384941673278808,0.12308236122131347,,,,,0.0,"[0.37523438731074965, 0.6211914621955009, 0.8139319573163389, 0.8916689997463032, 0.8250173296247557, 0.6725294277492816, 0.37242215927747285, -0.07918589785051379, -0.41459267261349203, -0.6123622340982429, -0.9207521978458695, -1.0669076861141713, -1.3719147239463645, -1.4487769483732187, -0.6525740424074719, -0.08910000949253333]",130,"[0.25584277397159577, 0.4395387464925216, 0.6017496182278934, 0.6341108502389626, 0.6756832963555643, 0.5874182704389382, 0.32342550660371155, -0.08815761428825875, -0.3271707864209381, -0.4522912144067888, -0.741620459862661, -0.8848263995956723, -1.2162343640004551, -1.3184964848845298, -0.24417058718042708, 0.5824824866165264]",130,209113147.71294945,7.173150117079471e-07,,,,,,,,,,,,,,
0.8421533203125,0.668371319770813,0.03288614749908447,0.005555555555555556,0.1755,"[8.527932167053223, 37.092647552490234, -23.789108276367188]",0.0337117500603199,351.89495849609375,1.1999998092651367,0.1499999761581421,1.5894571936403423e-07,0.16370931267738342,0.0,0.5476958155632019,23578.293398715126,96.70668029785156,0,,,2.6819995737075804,39.999993642171226,2.999999523162842,7.317804908752441,0.12196341514587401,,,,,0.0,"[0.37523438731074965, 0.6211914621955009, 0.8139319573163389, 0.8916689997463032, 0.8250173296247557, 0.6725294277492816, 0.37242215927747285, -0.07918589785051379, -0.41459267261349203, -0.6123622340982429, -0.9207521978458695, -1.0669076861141713, -1.3719147239463645, -1.4487769483732187, -0.6525740424074719, -0.08910000949253333]",130,"[0.25584277397159577, 0.4395387464925216, 0.6017496182278934, 0.6341108502389626, 0.6756832963555643, 0.5874182704389382, 0.32342550660371155, -0.08815761428825875, -0.3271707864209381, -0.4522912144067888, -0.741620459862661, -0.8848263995956723, -1.2162343640004551, -1.3184964848845298, -0.24417058718042708, 0.5824824866165264]",130,209113147.71294945,7.173150117079471e-07,,,,,,,,,,,,,,
0.8431971232096355,0.6712521910667419,0.03287851810455322,0.005555555555555556,0.1755,"[8.827553749084473, 36.655548095703125, -24.754621505737305]",0.03387702256441116,351.8982238769531,1.1999998092651367,0.1499999761581421,1.5894571936403423e-07,0.16440120339393616,0.0,0.54520183801651,23578.6316436107,96.70672607421875,0,,,2.6819995737075804,39.999993642171226,2.999999523162842,7.348733139038085,0.12247888565063475,,,,,0.0,"[0.3928462008364983, 0.6370392303689948, 0.8238327132361531, 0.8967827593459712, 0.8414832895730932, 0.6710727127679705, 0.382852392570816, -0.03743952177770555, -0.3724247124350285, -0.5753093640165843, -0.8134687534646008, -0.9481522360356789, -1.1860747480741691, -1.2899369934102807, -1.0121214210765823, -0.41428168764473206, -0.07849285374845885]",130,"[0.2836535790355901, 0.4596504999766761, 0.6113200939732482, 0.6449499393849324, 0.6348291768285516, 0.5474856650770991, 0.3161085156546419, -0.07569885083946354, -0.3141805476341621, -0.44189625976066294, -0.636168167001154, -0.7791623536862837, -1.007054565716251, -1.1737025734348219, -0.7789110503735344, -0.07943806040704021, 0.26613190747337817]",130,209132577.40444237,7.172483687699902e-07,,,,,,,,,,,,,,
0.8443816121419271,0.6726391315460205,0.03251991420984268,0.005555555555555556,0.1755,"[8.636467933654785, 36.95999526977539, -25.80583953857422]",0.034472864121198654,351.9015197753906,1.1999998092651367,0.1499999761581421,1.5894571936403423e-07,0.16377703845500946,0.0,0.5419498085975647,23578.964968716547,96.70681762695312,0,,,2.6819995737075804,39.999993642171226,2.999999523162842,7.3208318710327145,0.12201386451721191,,,,,0.0,"[0.3928462008364983, 0.6370392303689948, 0.8238327132361531, 0.8967827593459712, 0.8414832895730932, 0.6710727127679705, 0.382852392570816, -0.03743952177770555, -0.3724247124350285, -0.5753093640165843, -0.8134687534646008, -0.9481522360356789, -1.1860747480741691, -1.2899369934102807, -1.0121214210765823, -0.41428168764473206, -0.07849285374845885]",130,"[0.2836535790355901, 0.4596504999766761, 0.6113200939732482, 0.6449499393849324, 0.6348291768285516, 0.5474856650770991, 0.3161085156546419, -0.07569885083946354, -0.3141805476341621, -0.44189625976066294, -0.636168167001154, -0.7791623536862837, -1.007054565716251, -1.1737025734348219, -0.7789110503735344, -0.07943806040704021, 0.26613190747337817]",130,209132577.40444237,7.172483687699902e-07,,,,,,,,,,,,,,
0.8465178426106771,0.6785879135131836,0.03290912136435509,0.005555555555555556,0.1752,"[8.00357437133789, 35.823951721191406, -25.92162322998047]",0.03375133499503136,351.90478515625,1.1999998092651367,0.1499999761581421,1.5894571936403423e-07,0.16204707324504852,0.0,0.5359999537467957,23579.305748080274,96.70692443847656,0,,,2.6819995737075804,39.999993642171226,2.999999523162842,7.24350299835205,0.12072504997253417,,,,,0.0,"[0.3928462008364983, 0.6370392303689948, 0.8238327132361531, 0.8967827593459712, 0.8414832895730932, 0.6710727127679705, 0.382852392570816, -0.03743952177770555, -0.3724247124350285, -0.5753093640165843, -0.8134687534646008, -0.9481522360356789, -1.1860747480741691, -1.2899369934102807, -1.0121214210765823, -0.41428168764473206, -0.07849285374845885]",130,"[0.2836535790355901, 0.4596504999766761, 0.6113200939732482, 0.6449499393849324, 0.6348291768285516, 0.5474856650770991, 0.3161085156546419, -0.07569885083946354, -0.3141805476341621, -0.44189625976066294, -0.636168167001154, -0.7791623536862837, -1.007054565716251, -1.1737025734348219, -0.7789110503735344, -0.07943806040704021, 0.26613190747337817]",130,209132577.40444237,7.172483687699902e-07,,,,,,,,,,,,,,
0.8481739807128906,0.6822372078895569,0.03294132649898529,0.005555555555555556,0.1752,"[7.965583324432373, 34.43599319458008, -26.778900146484375]",0.033305659890174866,351.907958984375,1.1999998092651367,0.1499999761581421,1.5894571936403423e-07,0.1638178527355194,0.0,0.5317913889884949,23579.634585020533,96.7070083618164,0,,,2.6819995737075804,39.999993642171226,2.999999523162842,7.322657203674316,0.12204428672790527,,,,,0.0,"[0.3928462008364983, 0.6370392303689948, 0.8238327132361531, 0.8967827593459712, 0.8414832895730932, 0.6710727127679705, 0.382852392570816, -0.03743952177770555, -0.3724247124350285, -0.5753093640165843, -0.8134687534646008, -0.9481522360356789, -1.1860747480741691, -1.2899369934102807, -1.0121214210765823, -0.41428168764473206, -0.07849285374845885]",130,"[0.2836535790355901, 0.4596504999766761, 0.6113200939732482, 0.6449499393849324, 0.6348291768285516, 0.5474856650770991, 0.3161085156546419, -0.07569885083946354, -0.3141805476341621, -0.44189625976066294, -0.636168167001154, -0.7791623536862837, -1.007054565716251, -1.1737025734348219, -0.7789110503735344, -0.07943806040704021, 0.26613190747337817]",130,209132577.40444237,7.172483687699902e-07,,,,,,,,,,,,,,
0.8490457153320312,0.6861464381217957,0.03277203068137169,0.005555555555555556,0.1752,"[7.3580803871154785, 34.41748046875, -27.444469451904297]",0.03352070972323418,351.9111328125,1.1999998092651367,0.1499999761581421,1.5894571936403423e-07,0.16524377465248108,0.0,0.5288992524147034,23579.955096572277,96.70704650878906,0,,,2.6819995737075804,39.999993642171226,2.999999523162842,7.386396217346191,0.12310660362243651,,,,,0.0,"[0.3928462008364983, 0.6370392303689948, 0.8238327132361531, 0.8967827593459712, 0.8414832895730932, 0.6710727127679705, 0.382852392570816, -0.03743952177770555, -0.3724247124350285, -0.5753093640165843, -0.8134687534646008, -0.9481522360356789, -1.1860747480741691, -1.2899369934102807, -1.0121214210765823, -0.41428168764473206, -0.07849285374845885]",130,"[0.2836535790355901, 0.4596504999766761, 0.6113200939732482, 0.6449499393849324, 0.6348291768285516, 0.5474856650770991, 0.3161085156546419, -0.07569885083946354, -0.3141805476341621, -0.44189625976066294, -0.636168167001154, -0.7791623536862837, -1.007054565716251, -1.1737025734348219, -0.7789110503735344, -0.07943806040704021, 0.26613190747337817]",130,209132577.40444237,7.172483687699902e-07,,,,,,,,,,,,,,
0.8512505594889322,0.6864794492721558,0.03255489468574524,0.005555555555555556,0.1752,"[6.701531410217285, 33.79166793823242, -26.163169860839844]",0.03248981386423111,351.9143371582031,1.1999998092651367,0.1499999761581421,1.5894571936403423e-07,0.16374443471431732,0.0,0.5262314081192017,23580.27635321133,96.70713806152344,0,,,2.6819995737075804,39.999993642171226,2.999999523162842,7.319375038146973,0.1219895839691162,,,,,0.0,"[0.3928462008364983, 0.6370392303689948, 0.8238327132361531, 0.8967827593459712, 0.8414832895730932, 0.6710727127679705, 0.382852392570816, -0.03743952177770555, -0.3724247124350285, -0.5753093640165843, -0.8134687534646008, -0.9481522360356789, -1.1860747480741691, -1.2899369934102807, -1.0121214210765823, -0.41428168764473206, -0.07849285374845885]",130,"[0.2836535790355901, 0.4596504999766761, 0.6113200939732482, 0.6449499393849324, 0.6348291768285516, 0.5474856650770991, 0.3161085156546419, -0.07569885083946354, -0.3141805476341621, -0.44189625976066294, -0.636168167001154, -0.7791623536862837, -1.007054565716251, -1.1737025734348219, -0.7789110503735344, -0.07943806040704021, 0.26613190747337817]",130,209132577.40444237,7.172483687699902e-07,,,,,,,,,,,,,,
0.8534632364908854,0.6906698942184448,0.03301170840859413,0.005555555555555556,0.1752,"[5.565762519836426, 32.55352783203125, -25.426143646240234]",0.03130378946661949,351.9175109863281,1.1999998092651367,0.1499999761581421,1.5894571936403423e-07,0.16326403617858887,0.0,0.5209716558456421,23580.592530046146,96.70722961425781,0,,,2.6819995737075804,39.999993642171226,2.999999523162842,7.297901344299316,0.12163168907165527,,,,,0.0,"[0.3928462008364983, 0.6370392303689948, 0.8238327132361531, 0.8967827593459712, 0.8414832895730932, 0.6710727127679705, 0.382852392570816, -0.03743952177770555, -0.3724247124350285, -0.5753093640165843, -0.8134687534646008, -0.9481522360356789, -1.1860747480741691, -1.2899369934102807, -1.0121214210765823, -0.41428168764473206, -0.07849285374845885]",130,"[0.2836535790355901, 0.4596504999766761, 0.6113200939732482, 0.6449499393849324, 0.6348291768285516, 0.5474856650770991, 0.3161085156546419, -0.07569885083946354, -0.3141805476341621, -0.44189625976066294, -0.636168167001154, -0.7791623536862837, -1.007054565716251, -1.1737025734348219, -0.7789110503735344, -0.07943806040704021, 0.26613190747337817]",130,209132577.40444237,7.172483687699902e-07,,,,,,,,,,,,,,
0.8536198933919271,0.689067542552948,0.032513268291950226,0.005555555555555556,0.1754,"[5.136539459228516, 32.96687316894531, -25.152341842651367]",0.03138130530714989,351.9205322265625,1.1999998092651367,0.1499999761581421,1.5894571936403423e-07,0.1642020344734192,0.0,0.5207439064979553,23580.894112930568,96.70732879638672,0,,,2.6819995737075804,39.999993642171226,2.999999523162842,7.339830207824707,0.12233050346374512,,,,,0.0,"[0.3928462008364983, 0.6370392303689948, 0.8238327132361531, 0.8967827593459712, 0.8414832895730932, 0.6710727127679705, 0.382852392570816, -0.03743952177770555, -0.3724247124350285, -0.5753093640165843, -0.8134687534646008, -0.9481522360356789, -1.1860747480741691, -1.2899369934102807, -1.0121214210765823, -0.41428168764473206, -0.07849285374845885]",130,"[0.2836535790355901, 0.4596504999766761, 0.6113200939732482, 0.6449499393849324, 0.6348291768285516, 0.5474856650770991, 0.3161085156546419, -0.07569885083946354, -0.3141805476341621, -0.44189625976066294, -0.636168167001154, -0.7791623536862837, -1.007054565716251, -1.1737025734348219, -0.7789110503735344, -0.07943806040704021, 0.26613190747337817]",130,209132577.40444237,7.172483687699902e-07,,,,,,,,,,,,,,
0.8544514973958334,0.6904726028442383,0.032720744609832764,0.005555555555555556,0.1754,"[4.976156234741211, 31.363929748535156, -25.54290199279785]",0.03060814179480076,351.9235534667969,1.1999998092651367,0.1499999761581421,1.5894571936403423e-07,0.16416017711162567,0.0,0.5179650783538818,23581.1907612463,96.70748901367188,0,,,2.6819995737075804,39.999993642171226,2.999999523162842,7.337960243225098,0.12229933738708496,,,,,0.0,"[0.3928462008364983, 0.6370392303689948, 0.8238327132361531, 0.8967827593459712, 0.8414832895730932, 0.6710727127679705, 0.382852392570816, -0.03743952177770555, -0.3724247124350285, -0.5753093640165843, -0.8134687534646008, -0.9481522360356789, -1.1860747480741691, -1.2899369934102807, -1.0121214210765823, -0.41428168764473206, -0.07849285374845885]",130,"[0.2836535790355901, 0.4596504999766761, 0.6113200939732482, 0.6449499393849324, 0.6348291768285516, 0.5474856650770991, 0.3161085156546419, -0.07569885083946354, -0.3141805476341621, -0.44189625976066294, -0.636168167001154, -0.7791623536862837, -1.007054565716251, -1.1737025734348219, -0.7789110503735344, -0.07943806040704021, 0.26613190747337817]",130,209132577.40444237,7.172483687699902e-07,,,,,,,,,,,,,,
0.8526834106445312,0.6877416372299194,0.03246432915329933,0.005555555555555556,0.1754,"[5.623419761657715, 31.345422744750977, -26.186683654785156]",0.030965188518166542,351.9266662597656,1.1999998092651367,0.1499999761581421,1.5894571936403423e-07,0.16459263861179352,0.0,0.5212688446044922,23581.498506488762,96.70763397216797,0,,,2.6819995737075804,39.999993642171226,2.999999523162842,7.357289886474609,0.12262149810791015,,,,,0.0,"[0.3928462008364983, 0.6370392303689948, 0.8238327132361531, 0.8967827593459712, 0.8414832895730932, 0.6710727127679705, 0.382852392570816, -0.03743952177770555, -0.3724247124350285, -0.5753093640165843, -0.8134687534646008, -0.9481522360356789, -1.1860747480741691, -1.2899369934102807, -1.0121214210765823, -0.41428168764473206, -0.07849285374845885]",130,"[0.2836535790355901, 0.4596504999766761, 0.6113200939732482, 0.6449499393849324, 0.6348291768285516, 0.5474856650770991, 0.3161085156546419, -0.07569885083946354, -0.3141805476341621, -0.44189625976066294, -0.636168167001154, -0.7791623536862837, -1.007054565716251, -1.1737025734348219, -0.7789110503735344, -0.07943806040704021, 0.26613190747337817]",130,209132577.40444237,7.172483687699902e-07,,,,,,,,,,,,,,
